run_number,seed,run_total_time_seconds,baseline_hidden_units,baseline_time_seconds,baseline_accuracy,baseline_macro_precision,baseline_macro_recall,baseline_macro_f1,baseline_weighted_f1,baseline_balanced_accuracy,baseline_recall_class_0,baseline_recall_class_1,baseline_recall_class_2,baseline_recall_class_3,baseline_recall_class_4,baseline_recall_class_5,baseline_recall_class_6,baseline_recall_class_7,baseline_recall_class_8,baseline_recall_class_9,baseline_loss,incremental_hidden_units,incremental_time_seconds,incremental_accuracy,incremental_macro_precision,incremental_macro_recall,incremental_macro_f1,incremental_weighted_f1,incremental_balanced_accuracy,incremental_recall_class_7,incremental_recall_class_8,incremental_recall_class_2,incremental_recall_class_5,incremental_recall_class_1,incremental_recall_class_3,incremental_recall_class_6,incremental_recall_class_4,incremental_recall_class_9,incremental_recall_class_0,incremental_loss,macro_recall_improvement,macro_f1_improvement,accuracy_improvement
1,42,2065.357432365417,36,1139.4871940612793,0.8067579105327158,0.6320747975190064,0.4676185112428423,0.4832969898540838,0.7871206392365478,0.4676185112428423,0.9440143369175628,0.7283126787416587,0.0085959885386819,0.154097024052181,0.8510256026351251,0.027431421446384,0.4660434423975804,0.1153846153846153,0.4052863436123348,0.9759936587022988,0.483546698806801,43,925.8661062717438,0.809267548058265,0.6190439792041773,0.4811342653542897,0.4915012866879493,0.7891579008176588,0.4811342653542897,0.1153846153846153,0.4493392070484581,0.0286532951289398,0.0423940149625935,0.7707340324118208,0.116591928251121,0.5204839153148199,0.8633028896541398,0.9732759596874646,0.9311827956989248,0.4773973313044991,0.0135157541114474,0.0082042968338654,0.0025096375255491
2,43,2286.1184492111206,64,1129.336842060089,0.8061887143929005,0.6323151786582174,0.4692020366980676,0.4850343750099808,0.7884053738232705,0.4692020366980676,0.9341935483870968,0.7144899904671115,0.0200573065902578,0.1577660008153281,0.8544692319209463,0.027431421446384,0.5031619466593347,0.1538461538461538,0.3524229074889868,0.974181859359076,0.4810746658934322,32,1156.7780530452728,0.8041706553517374,0.6109715559931573,0.4881138914265736,0.5075724257081122,0.7959938537834284,0.4881138914265736,0.1153846153846153,0.4185022026431718,0.0286532951289398,0.0498753117206982,0.7407054337464252,0.3090093762739502,0.5416552103381909,0.7839496930678245,0.9722568225569018,0.921146953405018,0.4843317444299942,0.0189118547285059,0.0225380506981313,-0.0020180590411631
3,44,1929.483123064041,64,1057.5421526432035,0.8076375772942486,0.6773687000045945,0.4720034100164014,0.488067166324593,0.7921137874203767,0.4720034100164014,0.935483870967742,0.7612011439466159,0.0372492836676217,0.198124745209947,0.8258721365473873,0.0299251870324189,0.504811657959857,0.0769230769230769,0.3744493392070485,0.9759936587022988,0.4794247241815136,41,871.9373421669006,0.8062922046001397,0.6455005279022135,0.4894155219849349,0.5058665332335286,0.793672011436163,0.4894155219849349,0.1153846153846153,0.4845814977973568,0.0343839541547277,0.0498753117206982,0.7545281220209723,0.245413779046066,0.4976629089909266,0.8019164545590657,0.9732759596874646,0.9371326164874552,0.480788263100177,0.0174121119685334,0.0177993669089355,-0.0013453726941088
4,45,2062.8340680599213,64,1096.8945224285126,0.8076634498460583,0.6437673341016519,0.4758023812191134,0.4912203402812084,0.7883575520225415,0.4758023812191134,0.94,0.723069590085796,0.0257879656160458,0.1492050550346514,0.8571642461446324,0.0349127182044887,0.4847401704701677,0.1538461538461538,0.4140969162995594,0.9752009964896388,0.4793348290826743,44,965.9357566833496,0.8088018421256888,0.6261723299465933,0.4863666561433787,0.5004796491997644,0.7892904110144568,0.4863666561433787,0.1538461538461538,0.4537444933920704,0.0429799426934097,0.0374064837905236,0.7573879885605338,0.1141459437423563,0.5347814132526808,0.8712382093127714,0.9744083342769788,0.9237275985663084,0.4788026035291554,0.0105642749242653,0.0092593089185559,0.0011383922796305
5,46,1778.7206392288208,32,918.7038736343384,0.807223616465292,0.6205395090004064,0.4647232202743632,0.4752813590409258,0.7839827871967283,0.4647232202743632,0.9438709677419356,0.7607244995233555,0.0286532951289398,0.0982470444353852,0.8673454109896691,0.0448877805486284,0.4663183942810008,0.0769230769230769,0.3876651982378855,0.972596534933756,0.4858074666445155,54,860.0134544372559,0.8079221753641561,0.6310694428538717,0.4834243445700685,0.5011220095525383,0.7916826353879002,0.4834243445700685,0.1153846153846153,0.4361233480176211,0.0515759312320916,0.0498753117206982,0.7607244995233555,0.1708112515287403,0.5023370910090734,0.8385985926036832,0.9736156720643188,0.9351971326164874,0.4772108807477053,0.0187011242957052,0.0258406505116124,0.0006985588988641
6,47,2008.0816857814789,40,1092.8063328266144,0.8088535872293084,0.6148921923224517,0.4663187708227533,0.4770347890959843,0.7867911439781581,0.4663187708227533,0.9377777777777778,0.7259294566253575,0.0085959885386819,0.1161842641663269,0.880221590058392,0.0249376558603491,0.4929887269727798,0.1153846153846153,0.3876651982378855,0.9735024346053676,0.4822126821376278,39,915.2716801166534,0.8050761946650798,0.6130423558831248,0.4840819048969142,0.5051540272248414,0.7936349268824443,0.4840819048969142,0.1153846153846153,0.4052863436123348,0.0315186246418338,0.0573566084788029,0.7554814108674929,0.2755809213208316,0.5015122353588122,0.792334181763737,0.973389197146416,0.9329749103942652,0.4821570696816808,0.0177631340741609,0.028119238128857,-0.0037773925642285
7,48,1908.865887403488,40,977.661652803421,0.8050761946650798,0.701794351570561,0.4705584575074288,0.4903315742564479,0.7908596761621534,0.4705584575074288,0.934695340501792,0.7640610104861774,0.0200573065902578,0.2238075825519771,0.805659529869741,0.0399002493765586,0.5059114654935386,0.1153846153846153,0.3215859030837004,0.9745215717359302,0.4856132611796969,40,931.2007434368134,0.8059817339784223,0.5876792192515032,0.4875899526267656,0.5014187839489517,0.7911127003355455,0.4875899526267656,0.1538461538461538,0.4581497797356828,0.0401146131805157,0.0374064837905236,0.7578646329837941,0.1948634325315939,0.4976629089909266,0.8318610570444678,0.9731627222285132,0.9309677419354838,0.4800650184220698,0.0170314951193367,0.0110872096925037,0.0009055393133424
8,49,1792.2013144493103,36,915.0621449947356,0.8059558614266125,0.5981467118413848,0.4671302023732432,0.4787526091898954,0.7853972093300817,0.4671302023732432,0.932831541218638,0.763584366062917,0.0143266475644699,0.1247452099470036,0.864650396765983,0.0399002493765586,0.4880395930712125,0.1153846153846153,0.3568281938325991,0.9710112105084362,0.4862412256949753,45,877.1356456279755,0.8101730873716074,0.633127986362795,0.4911116648049279,0.502596958106342,0.7914131794144411,0.4911116648049279,0.1538461538461538,0.5066079295154186,0.0372492836676217,0.0473815461346633,0.7478551000953289,0.1373827965756217,0.504811657959857,0.8668962419523881,0.97689955837391,0.9321863799283154,0.4797954851018975,0.0239814624316846,0.0238443489164466,0.0042172259449949
9,50,2020.8192925453184,64,1139.1964654922483,0.8107422835114227,0.6205663521525631,0.4760683267367699,0.487000579646902,0.7920188978259142,0.4760683267367699,0.9232974910394264,0.7592945662535748,0.0171919770773638,0.1202609050142682,0.8680940260518042,0.0598503740648379,0.5598020346439373,0.0769230769230769,0.4008810572687225,0.9750877590306872,0.4765358113367552,33,881.6194546222687,0.8075082145351996,0.6241357065319131,0.4785822058736039,0.4922479592952153,0.7933221737525816,0.4785822058736039,0.0769230769230769,0.4273127753303964,0.0315186246418338,0.0374064837905236,0.7454718779790277,0.1928251121076233,0.5457794885894969,0.8285671507710736,0.9719171101800476,0.928100358422939,0.4812249429979835,0.0025138791368339,0.0052473796483132,-0.0032340689762231
10,51,1988.0688109397888,40,1039.2755653858185,0.8041189102481178,0.5927825007067927,0.4805916426267759,0.4967646714532804,0.7937316996803719,0.4805916426267759,0.9356989247311828,0.7426120114394662,0.0143266475644699,0.3065633917651855,0.7806557867944303,0.0448877805486284,0.4910640637888369,0.1153846153846153,0.4008810572687225,0.9738421469822216,0.4829238515193704,23,948.7894151210784,0.8051538123205092,0.6299307067511262,0.4825060799870047,0.4931734993579809,0.7894045201075433,0.4825060799870047,0.1153846153846153,0.4581497797356828,0.0286532951289398,0.0324189526184538,0.7530981887511916,0.1638809620872401,0.5334066538355787,0.851325048659979,0.9701053108368248,0.9186379928315412,0.4886421170274097,0.0019144373602288,-0.0035911720952995,0.0010349020723914
11,52,1867.5190334320068,36,1020.9155490398408,0.8051020672168896,0.5727888359001675,0.4709191104203742,0.4825042472310654,0.7883583672015947,0.4709191104203742,0.9318279569892474,0.7564346997140133,0.0114613180515759,0.1630656339176518,0.8339571792184459,0.027431421446384,0.5138850701127303,0.1153846153846153,0.3832599118942731,0.9724832974748048,0.4835187726782807,38,846.5999400615692,0.8049985770096505,0.6159549439188028,0.4880486936213136,0.4981697691042141,0.7882101769842006,0.4880486936213136,0.1538461538461538,0.4933920704845815,0.0286532951289398,0.0299251870324189,0.7569113441372736,0.1500203832042397,0.5270827605169095,0.8454858511753256,0.9731627222285132,0.9220071684587814,0.4843625975558527,0.0171295832009394,0.0156655218731486,-0.000103490207239
12,53,1820.9832067489624,32,1011.7486319541932,0.80145403741171,0.5356122903318522,0.4666317541623678,0.4772397874773887,0.7889233289164482,0.4666317541623678,0.9290322580645162,0.7368922783603432,0.0028653295128939,0.2311455360782715,0.8049109148076059,0.0299251870324189,0.5089359362111631,0.0769230769230769,0.3744493392070485,0.971237685426339,0.4894298996667141,40,809.2309558391571,0.8073529792243409,0.6401118684731538,0.4803496607488805,0.4951313583857836,0.788952728483082,0.4803496607488805,0.1153846153846153,0.4537444933920704,0.0401146131805157,0.0349127182044887,0.7650142993326978,0.1581736649001223,0.4858399780038493,0.8362030244048511,0.972030347638999,0.942078853046595,0.4802217654488114,0.0137179065865127,0.0178915709083948,0.0058989418126309
13,54,1948.904762983322,36,1120.9747667312622,0.8061628418410908,0.5978714277088365,0.4751619974575526,0.4906949641958394,0.7922130313868266,0.4751619974575526,0.9189964157706092,0.7473784556720686,0.0315186246418338,0.1797798613942111,0.835903578379997,0.0324189526184538,0.5661259279626065,0.1153846153846153,0.3524229074889868,0.9716906352621448,0.4814348589392893,43,827.9266283512115,0.8059817339784223,0.6341237290932596,0.4909255184211165,0.5091248158057653,0.793831039227268,0.4909255184211165,0.1538461538461538,0.4317180616740088,0.0372492836676217,0.0448877805486284,0.7640610104861774,0.22013860578883,0.5521033819081661,0.8082048210810001,0.975540708866493,0.921505376344086,0.4810700492722748,0.0157635209635638,0.0184298516099258,-0.0001811078626684
14,55,1827.712778091431,64,985.8857574462892,0.806499185014618,0.6090830649364201,0.4745247093714814,0.4916233900129416,0.7936965763160739,0.4745247093714814,0.9273835125448028,0.7183031458531935,0.0200573065902578,0.2258459029759478,0.8243749064231173,0.0349127182044887,0.539730547154248,0.1153846153846153,0.3656387665198238,0.9736156720643188,0.4819953580688639,46,841.8236377239227,0.8087759695738791,0.6316043904368359,0.4858732708364252,0.5008302353667297,0.7932443972580334,0.4858732708364252,0.1153846153846153,0.4493392070484581,0.0372492836676217,0.0448877805486284,0.7569113441372736,0.1695882592743579,0.5446796810558152,0.8408444377900883,0.9728230098516588,0.9270250896057348,0.4807929585639793,0.0113485614649437,0.009206845353788,0.002276784559261
15,56,1917.6417346000671,40,1075.7254202365875,0.805412537838607,0.5960635827860155,0.4679029642459987,0.4797237665631675,0.7900536291531712,0.4679029642459987,0.9367025089605736,0.7616777883698761,0.0028653295128939,0.2176926212800652,0.8132954035035185,0.0249376558603491,0.4976629089909266,0.0769230769230769,0.3744493392070485,0.9728230098516588,0.4848370871436923,28,841.9125645160675,0.8059817339784223,0.6264189139023978,0.4763827903722604,0.4936932401939485,0.7902255664973311,0.4763827903722604,0.1153846153846153,0.4052863436123348,0.0372492836676217,0.0349127182044887,0.7535748331744518,0.198124745209947,0.4836403629364861,0.8228776762988471,0.9719171101800476,0.9408602150537636,0.4820934706767661,0.0084798261262616,0.013969473630781,0.0005691961398153
16,57,2061.733272075653,36,1181.3399412631989,0.8047398514915526,0.5886958257452176,0.4752228987592398,0.4883342535556148,0.790616757980906,0.4752228987592398,0.9392114695340502,0.734509056244042,0.0057306590257879,0.2401141459437423,0.807306483006438,0.027431421446384,0.4855650261204289,0.1153846153846153,0.4229074889867841,0.9740686219001246,0.4818506074434097,40,880.3892664909363,0.8046881063879331,0.6346702598495759,0.495302097414509,0.5088847987303435,0.7971876658858181,0.495302097414509,0.1538461538461538,0.4405286343612334,0.0229226361031518,0.0249376558603491,0.7511916110581506,0.3094170403587444,0.5883970305196591,0.7749663123222039,0.9752009964896388,0.9116129032258063,0.4800993728277146,0.0200791986552692,0.0205505451747287,-5.174510361949381e-05
17,58,1999.954381942749,40,1165.1937329769137,0.808905332332928,0.6201598523794294,0.4673573542776674,0.4756074009764142,0.7878780368135159,0.4673573542776674,0.9378494623655914,0.7387988560533841,0.0143266475644699,0.1174072564207093,0.8683934720766582,0.0324189526184538,0.5042617541930162,0.0769230769230769,0.4096916299559471,0.9735024346053676,0.4806269072839561,64,834.7569541931152,0.8060334790820418,0.6575958321322493,0.4889426106083315,0.5063784690593309,0.7933499822651834,0.4889426106083315,0.1153846153846153,0.4493392070484581,0.0659025787965616,0.0423940149625935,0.7607244995233555,0.2103546677537709,0.5232334341490239,0.8242251834106902,0.9740686219001246,0.923799283154122,0.4809028958082846,0.0215852563306641,0.0307710680829166,-0.0028718532508862
18,59,2012.7710950374603,64,1056.5728044509888,0.8068614007399549,0.6182698660441239,0.482482150330597,0.4918504258477925,0.7898685922818518,0.482482150330597,0.918494623655914,0.734509056244042,0.0114613180515759,0.1406441092539747,0.8637520586914209,0.0399002493765586,0.55485290074237,0.1538461538461538,0.4361233480176211,0.971237685426339,0.483066839666429,51,956.1945986747742,0.810587048200564,0.6629340020106829,0.4905576401699605,0.5103890188965038,0.7951273421964566,0.4905576401699605,0.1538461538461538,0.4625550660792951,0.0515759312320916,0.0473815461346633,0.7397521448999047,0.1985324092947411,0.4990376684080286,0.836951639466986,0.9742950968180274,0.9416487455197132,0.4753425488757031,0.0080754898393634,0.0185385930487113,0.0037256474606091
19,60,2084.319167613983,64,1084.1066482067108,0.8098108716462705,0.6223067701299855,0.4737163824173372,0.4872785615217346,0.787314713620079,0.4737163824173372,0.9325448028673836,0.7206863679694948,0.0085959885386819,0.0990623726049735,0.8926486000898338,0.0473815461346633,0.5056365136101182,0.1538461538461538,0.4008810572687225,0.9758804212433472,0.4806019489843692,28,1000.2087714672087,0.8049727044578406,0.6164832323774609,0.4682941518610111,0.4833783924999107,0.7857820457635246,0.4682941518610111,0.1153846153846153,0.4052863436123348,0.0229226361031518,0.0199501246882793,0.7273593898951383,0.1516510395434162,0.4696178168820456,0.8636023356789939,0.9722568225569018,0.9349103942652328,0.4853535467127323,-0.0054222305563261,-0.0039001690218239,-0.0048381671884298
20,61,1908.6887447834013,40,1061.765745162964,0.8036790768673514,0.580360211161679,0.4691046919823153,0.4823303129972734,0.7895454282371146,0.4691046919823153,0.9295340501792114,0.7530981887511916,0.0171919770773638,0.2176926212800652,0.8138942955532266,0.027431421446384,0.5078361286774814,0.1153846153846153,0.3348017621145374,0.974181859359076,0.4861286745508202,51,846.91885638237,0.8045587436288841,0.6193241425546709,0.4939881823135199,0.5069326854462695,0.7957934767963091,0.4939881823135199,0.1153846153846153,0.4757709251101321,0.0372492836676217,0.0399002493765586,0.7578646329837941,0.3224622910721565,0.5185592521308771,0.7707740679742476,0.9747480466538332,0.927168458781362,0.4816707155102515,0.0248834903312045,0.0246023724489959,0.0008796667615327
21,62,1851.072701931,64,1013.6344816684724,0.8046104887325037,0.6504469387847054,0.4736712602995312,0.4889009495132148,0.7873398686542789,0.4736712602995312,0.9250179211469534,0.7430886558627264,0.0229226361031518,0.1508357113738279,0.8546189549333733,0.0324189526184538,0.5185592521308771,0.1538461538461538,0.3656387665198238,0.9697655984599706,0.4864945377331311,43,837.4347655773163,0.8074305968797703,0.606755745683621,0.4822077155209718,0.5002603728252314,0.7935959895208089,0.4822077155209718,0.1153846153846153,0.4185022026431718,0.0401146131805157,0.0349127182044887,0.7664442326024785,0.2315532001630656,0.493813582623041,0.8082048210810001,0.9721435850979504,0.9410035842293908,0.4768055636023325,0.0085364552214405,0.0113594233120165,0.0028201081472665
22,63,1882.3184456825256,40,1030.9106795787811,0.8097849990944607,0.6185297878147018,0.4720331670512049,0.4864424280028104,0.7842163304477969,0.4720331670512049,0.9401433691756272,0.7502383222116301,0.0200573065902578,0.0799021606196494,0.9016319808354544,0.0324189526184538,0.4649436348638988,0.1923076923076923,0.3656387665198238,0.9730494847695618,0.4842248661194682,50,851.4041624069214,0.8030322630721068,0.6373082451826967,0.5005763992155531,0.5159979199652797,0.797022029885537,0.5005763992155531,0.1538461538461538,0.4581497797356828,0.0429799426934097,0.0423940149625935,0.7554814108674929,0.399510803098247,0.5152598295298323,0.7375355592154514,0.9729362473106103,0.9276702508960574,0.4818790369351676,0.0285432321643481,0.0295554919624692,-0.0067527360223538
23,64,1972.4210493564608,40,1084.3139021396637,0.8083878812967323,0.6291376585064149,0.4654694984933732,0.4759082333668804,0.7832605830759909,0.4654694984933732,0.9389964157706092,0.7311725452812202,0.0286532951289398,0.0758255197717081,0.8965413984129361,0.027431421446384,0.4751168545504536,0.1153846153846153,0.3920704845814978,0.9735024346053676,0.4849377174884307,48,888.1032936573029,0.8092934206100748,0.6699983878598121,0.4860505332861607,0.5073433708783355,0.7927739069648218,0.4860505332861607,0.1538461538461538,0.4493392070484581,0.0401146131805157,0.0448877805486284,0.7402287893231649,0.1895637994292703,0.4874896893043717,0.8378499775415481,0.9747480466538332,0.9424372759856632,0.4756513276074497,0.0205810347927875,0.0314351375114551,0.0009055393133424
24,65,1910.178526878357,32,1083.386633396149,0.8064215673591887,0.5963514344375465,0.4728328522649138,0.4897251949900588,0.7895607345911387,0.4728328522649138,0.9410035842293908,0.7521448999046711,0.0057306590257879,0.1826335099877701,0.8279682587213655,0.0324189526184538,0.4949133901567226,0.1538461538461538,0.3656387665198238,0.972030347638999,0.4862591972062943,49,826.7882421016693,0.8097073814390313,0.6293603676114731,0.4937807724549541,0.5050396818750236,0.7904530561563426,0.4937807724549541,0.1923076923076923,0.4977973568281938,0.0343839541547277,0.0423940149625935,0.7716873212583413,0.1475743986954749,0.4841902667033269,0.8541697858960923,0.9745215717359302,0.9387813620071684,0.4760939354555859,0.0209479201900403,0.0153144868849647,0.0032858140798426
25,66,2037.889755487442,64,1088.0529563426971,0.8101213422679879,0.6305147571205324,0.4733425290722669,0.4861044395380244,0.7896256701358243,0.4733425290722669,0.9394982078853048,0.7583412774070544,0.0343839541547277,0.1333061557276804,0.8713879323251984,0.0399002493765586,0.4784162771514985,0.0769230769230769,0.4273127753303964,0.9739553844411732,0.4791905503803994,51,949.833047389984,0.8048433416987918,0.6103386299479513,0.4964937015015548,0.5126702873687081,0.7967969136548972,0.4964937015015548,0.1538461538461538,0.4625550660792951,0.0372492836676217,0.0448877805486284,0.7440419447092469,0.3444761516510395,0.5116854550453671,0.7564006587812547,0.9753142339485902,0.9344802867383512,0.4811186342047416,0.0231511724292879,0.0265658478306836,-0.0052780005691961
26,67,1828.7828874588013,64,1008.3564364910126,0.8079997930195856,0.5920525423009002,0.4818565833881313,0.4987249016175283,0.7922705523171105,0.4818565833881313,0.9382078853046596,0.7411820781696854,0.0257879656160458,0.2005707297187118,0.8318610570444678,0.0299251870324189,0.4935386307396205,0.1538461538461538,0.4273127753303964,0.976333371079153,0.4812522879923976,57,820.4230239391327,0.8108975188222814,0.6419323580066643,0.4811956025745261,0.4908697223616493,0.7907788706199372,0.4811956025745261,0.0769230769230769,0.4625550660792951,0.0372492836676217,0.0498753117206982,0.7550047664442326,0.0998777007745617,0.5518284300247457,0.880521036083246,0.975540708866493,0.9225806451612903,0.4767186807579422,-0.0006609808136051,-0.007855179255879,0.0028977258026958
27,68,1879.765475988388,36,996.536902666092,0.8082585185376834,0.6141773742211157,0.4701109452431971,0.4857513032490431,0.7880676070645245,0.4701109452431971,0.94752688172043,0.7254528122020972,0.0200573065902578,0.1593966571545046,0.8564156310824974,0.0224438902743142,0.4558702227110255,0.1153846153846153,0.4229074889867841,0.9756539463254444,0.4791621938889487,46,883.2248027324677,0.8093969108173139,0.6339420373715681,0.4803631725337928,0.4961676612650414,0.7920954987088553,0.4803631725337928,0.1153846153846153,0.4405286343612334,0.0315186246418338,0.0374064837905236,0.7187797902764538,0.1463514064410925,0.5479791036568601,0.8674951340020961,0.972596534933756,0.9255913978494624,0.481525417281099,0.0102522272905957,0.0104163580159983,0.0011383922796305
28,69,1984.9770410060885,36,1043.5702958106997,0.8022043414141937,0.5636694483563723,0.4756572632094824,0.4848159122243277,0.791380557957007,0.4756572632094824,0.928100358422939,0.7488083889418494,0.0057306590257879,0.2731349368120668,0.7833508010181165,0.027431421446384,0.5169095408303547,0.0769230769230769,0.4229074889867841,0.9732759596874646,0.4879619220187323,44,941.403023004532,0.8067837830845256,0.5989717675504357,0.4801176779687029,0.4973644197337868,0.7941184003071865,0.4801176779687029,0.0769230769230769,0.4140969162995594,0.0372492836676217,0.0523690773067331,0.7569113441372736,0.2498980839788014,0.5026120428924938,0.7983231022608175,0.9750877590306872,0.937706093189964,0.4768131425354737,0.0044604147592205,0.0125485075094591,0.0045794416703318
29,70,1883.57949757576,64,1051.2508327960968,0.8091640578510259,0.6147049882577634,0.4834676439186305,0.5013419413488709,0.790711155864887,0.4834676439186305,0.9425806451612904,0.7235462345090562,0.0171919770773638,0.1655116184264166,0.8549184009582272,0.0423940149625935,0.4869397855375309,0.1923076923076923,0.4361233480176211,0.9731627222285132,0.4796654980832375,44,832.3251583576202,0.8059817339784223,0.6382087734752064,0.4839382140631222,0.5008515375590029,0.7923969771413888,0.4839382140631222,0.1153846153846153,0.4405286343612334,0.0401146131805157,0.0374064837905236,0.7464251668255482,0.2009783938035059,0.530107231234534,0.8311124419823327,0.9739553844411732,0.9233691756272402,0.4806661356404073,0.0004705701444917,-0.0004904037898679,-0.0031823238726035
30,71,2569.945238828659,64,1611.3488109111786,0.8060076065302321,0.6479259841609872,0.4756734001704377,0.4916083269014887,0.788527318650411,0.4756734001704377,0.9341218637992832,0.7040038131553861,0.0028653295128939,0.1602119853240929,0.8495283725108549,0.0374064837905236,0.5081110805609018,0.1923076923076923,0.3920704845814978,0.97610689616125,0.482603610155638,38,958.5929591655732,0.8049985770096505,0.6177423480131261,0.4881871677313442,0.5043697215226355,0.7911294534246591,0.4881871677313442,0.1538461538461538,0.4625550660792951,0.0315186246418338,0.0349127182044887,0.765490943755958,0.2274765593151243,0.4907891119054166,0.8067075909567301,0.9731627222285132,0.9354121863799284,0.4869893189543836,0.0125137675609064,0.0127613946211467,-0.0010090295205815
31,72,2045.465449333191,64,1161.074547290802,0.8083620087449225,0.6740010810831332,0.4794170864566559,0.4968618814715942,0.7913879833912031,0.4794170864566559,0.9356272401433692,0.7516682554814109,0.0143266475644699,0.1785568691398288,0.836352747417278,0.0423940149625935,0.5152598295298323,0.1538461538461538,0.3920704845814978,0.9740686219001246,0.4796873758924612,35,884.3867330551147,0.8098884893016999,0.6500252255942265,0.4858926655769465,0.4998362329305035,0.7890402197520551,0.4858926655769465,0.1538461538461538,0.4537444933920704,0.0401146131805157,0.0473815461346633,0.7550047664442326,0.10069302894415,0.524608193566126,0.8821679892199431,0.9752009964896388,0.9261648745519712,0.4794911289936185,0.0064755791202906,0.0029743514589092,0.0015264805567773
32,73,1712.7658483982086,36,901.1568429470062,0.8056712633567049,0.6080234304995988,0.4615220809882377,0.4735465158330633,0.7855728124591536,0.4615220809882377,0.9290322580645162,0.7273593898951383,0.0028653295128939,0.116591928251121,0.8645006737535559,0.0224438902743142,0.5243332416827056,0.1153846153846153,0.3392070484581498,0.9735024346053676,0.4867383497622937,45,811.6055717468262,0.8048433416987918,0.6105200405160233,0.4883116580800589,0.5089731308488175,0.7946047937218725,0.4883116580800589,0.1538461538461538,0.4229074889867841,0.0315186246418338,0.0399002493765586,0.7407054337464252,0.2751732572360375,0.5243332416827056,0.7915855667016021,0.974974521571736,0.9281720430107528,0.4796703002813152,0.0267895770918211,0.0354266150157541,-0.0008279216579131
33,74,1934.3941631317136,36,1113.2138092517853,0.8051279397686993,0.6251785144171963,0.4698195055446296,0.481701870476209,0.7895343191114381,0.4698195055446296,0.9291756272401434,0.7459485224022879,0.0257879656160458,0.1850794944965348,0.8335080101811648,0.0224438902743142,0.514434973879571,0.0769230769230769,0.3920704845814978,0.9728230098516588,0.485377655340405,50,821.1770529747009,0.8110010090295205,0.649897601498105,0.492309448674163,0.504892831866963,0.7937772418874505,0.492309448674163,0.1153846153846153,0.4977973568281938,0.0487106017191977,0.0523690773067331,0.7673975214489991,0.1439054219323277,0.5413802584547704,0.8528222787842491,0.9742950968180274,0.9290322580645162,0.4774780887241509,0.0224899431295333,0.0231909613907539,0.0058730692608212
34,75,1919.711318016052,40,1043.2333970069883,0.8085172440557812,0.6235475410078969,0.4806830854334842,0.4937664439099209,0.7888536843762227,0.4806830854334842,0.9375627240143368,0.7445185891325071,0.0315186246418338,0.1316754993885038,0.8607575984428807,0.0498753117206982,0.4951883420401429,0.1153846153846153,0.4669603524229075,0.973389197146416,0.4832084467371192,39,876.4743459224701,0.8072753615689116,0.6285198448032547,0.4849673299517274,0.4944969822924124,0.7883213412193666,0.4849673299517274,0.1538461538461538,0.4889867841409692,0.0286532951289398,0.027431421446384,0.7397521448999047,0.1324908275580921,0.5086609843277426,0.8694415331636473,0.972596534933756,0.9278136200716846,0.4833536454537643,0.0042842445182431,0.0007305383824915,-0.0012418824868696
35,76,2034.0850641727448,64,1150.4863181114197,0.8073012341207213,0.6504439021158059,0.4841626495836115,0.4989152938218955,0.7895554556474592,0.4841626495836115,0.9394982078853048,0.7368922783603432,0.0315186246418338,0.1565430085609457,0.8403952687528073,0.0498753117206982,0.4951883420401429,0.1538461538461538,0.4625550660792951,0.9753142339485902,0.4810627039570798,44,883.5947790145874,0.8059558614266125,0.6403429472066792,0.4887273884695145,0.5100440627140321,0.7921622167349354,0.4887273884695145,0.1923076923076923,0.4317180616740088,0.0372492836676217,0.0349127182044887,0.7502383222116301,0.2262535670607419,0.4872147374209513,0.8170384788141938,0.9740686219001246,0.9362724014336916,0.4792147774956475,0.004564738885903,0.0111287688921366,-0.0013453726941088
36,77,1755.02348446846,64,928.6020495891572,0.8054901554940364,0.6788529378349535,0.4850420123803665,0.5021560259126708,0.7940069391640785,0.4850420123803665,0.9336917562724014,0.7626310772163966,0.0286532951289398,0.2657969832857725,0.7826021859559814,0.027431421446384,0.5248831454495463,0.1538461538461538,0.3964757709251101,0.9744083342769788,0.4802543928665083,42,826.4178767204285,0.805774753563944,0.5777426453213612,0.4780904902943276,0.4925057386084885,0.7926434450323964,0.4780904902943276,0.0769230769230769,0.4273127753303964,0.0401146131805157,0.027431421446384,0.7535748331744518,0.2401141459437423,0.4995875721748694,0.8065578679443031,0.9745215717359302,0.9347670250896056,0.4783756507582345,-0.0069515220860388,-0.0096502873041822,0.0002845980699076
37,78,2048.083455324173,36,1098.9568543434143,0.8031616258311557,0.5892086321986876,0.463478421573743,0.4723174560342108,0.7865342695576438,0.463478421573743,0.9250179211469534,0.7368922783603432,0.0143266475644699,0.1549123522217692,0.8426411139392125,0.0249376558603491,0.5279076161671707,0.0769230769230769,0.3612334801762114,0.9699920733778734,0.490422392168445,48,949.1230974197388,0.8090864401955965,0.6401966724282754,0.4871064996064047,0.4999537657165696,0.789928421833328,0.4871064996064047,0.1538461538461538,0.4581497797356828,0.0401146131805157,0.0473815461346633,0.7540514775977121,0.1206685690990623,0.5235083860324443,0.8721365473873335,0.976333371079153,0.9248745519713262,0.4824098147694184,0.0236280780326616,0.0276363096823588,0.0059248143644408
38,79,2129.5809075832367,40,1132.5838527679443,0.8075340870870094,0.6586941603322506,0.4762168512493852,0.4913574552339218,0.7894739979988973,0.4762168512493852,0.9341218637992832,0.7445185891325071,0.0229226361031518,0.1508357113738279,0.8556670160203623,0.0399002493765586,0.4976629089909266,0.1153846153846153,0.4273127753303964,0.9738421469822216,0.4788462444605924,30,996.9934241771698,0.8069390183953843,0.6161291932968221,0.47781207505426,0.4898002443102267,0.7856503945351583,0.47781207505426,0.1538461538461538,0.4361233480176211,0.0286532951289398,0.0199501246882793,0.7426120114394662,0.1002853648593559,0.5202089634313996,0.8772271298098517,0.9730494847695618,0.9261648745519712,0.4845456621112751,0.0015952238048748,-0.0015572109236951,-0.000595068691625
39,80,1993.0473647117608,64,1115.6175377368927,0.8084137538485421,0.5866109801021487,0.4650346439091969,0.4765058013202903,0.785600446479886,0.4650346439091969,0.938494623655914,0.7473784556720686,0.0057306590257879,0.094578067672238,0.86629734990268,0.0448877805486284,0.510310695628265,0.1153846153846153,0.3524229074889868,0.9748612841127844,0.4818729552396756,48,877.4258575439453,0.8115443326175261,0.6348830087043746,0.4824019116317138,0.496787924767089,0.7942758037811102,0.4824019116317138,0.0769230769230769,0.4801762114537445,0.0372492836676217,0.0473815461346633,0.7354623450905624,0.1646962902568284,0.5053615617266979,0.8670459649648151,0.9753142339485902,0.9344086021505376,0.4726091747755702,0.0173672677225169,0.0202821234467986,0.003130578768984
40,81,1931.984989643097,16,1020.4016704559326,0.8026959198985796,0.5583662953600645,0.4689885135062302,0.4779718658341009,0.7812619599748294,0.4689885135062302,0.9303942652329747,0.7387988560533841,0.0,0.1035466775377089,0.865249288815691,0.0224438902743142,0.4910640637888369,0.1538461538461538,0.4140969162995594,0.9704450232136792,0.4970266879158511,33,911.5798797607422,0.807948047915966,0.6340456138617061,0.479921724610968,0.4950971581118555,0.7883409511777266,0.479921724610968,0.1538461538461538,0.4229074889867841,0.0286532951289398,0.0324189526184538,0.7707340324118208,0.1381981247452099,0.4907891119054166,0.849827818535709,0.9732759596874646,0.9385663082437276,0.4811546127463568,0.0109332111047377,0.0171252922777546,0.0052521280173863
41,82,1966.5701410770416,40,1108.125742673874,0.8047398514915526,0.5996097659538047,0.4666855545189109,0.4773598788290246,0.783786373656414,0.4666855545189109,0.94336917562724,0.7526215443279314,0.0057306590257879,0.135344476151651,0.8508758796226981,0.027431421446384,0.4608193566125928,0.1153846153846153,0.4052863436123348,0.9699920733778734,0.4889469914012441,31,858.4407539367676,0.8045846161806939,0.6325092762271317,0.4855727445572251,0.4988463705691938,0.7897294990377333,0.4855727445572251,0.1538461538461538,0.4493392070484581,0.0343839541547277,0.0199501246882793,0.7535748331744518,0.1785568691398288,0.539730547154248,0.8362030244048511,0.9694258860831164,0.9207168458781362,0.487536660812394,0.0188871900383141,0.0214864917401691,-0.0001552353108587
42,83,1896.3103692531583,36,1012.5220539569856,0.8044293808698352,0.64494921316883,0.4695637318289794,0.4904783105937624,0.7927589162643802,0.4695637318289794,0.934336917562724,0.7111534795042898,0.0143266475644699,0.2666123114553608,0.8013175625093577,0.027431421446384,0.5116854550453671,0.1153846153846153,0.3392070484581498,0.974181859359076,0.4822339339392425,47,883.7850396633148,0.8105094305451347,0.6456606170711491,0.4809007051210024,0.4943966753366025,0.7930928357490233,0.4809007051210024,0.0769230769230769,0.4405286343612334,0.0343839541547277,0.0623441396508728,0.7440419447092469,0.1381981247452099,0.5471542480065988,0.8640515047162749,0.9762201336202015,0.9251612903225808,0.4749965259771058,0.0113369732920229,0.0039183647428401,0.0060800496752995
43,84,2026.2483849525447,64,1119.2067391872406,0.8079221753641561,0.6079957554598818,0.4691687553367688,0.4831257331989631,0.7892460329262345,0.4691687553367688,0.9447311827956988,0.7354623450905624,0.0286532951289398,0.1561353444761516,0.8450366821380446,0.0399002493765586,0.4800659884520209,0.0769230769230769,0.4096916299559471,0.9750877590306872,0.4776615174591567,41,907.0379118919373,0.8067061654290962,0.6509251538177375,0.4818302761799592,0.4959238305261589,0.7886177364722294,0.4818302761799592,0.1153846153846153,0.4669603524229075,0.0401146131805157,0.027431421446384,0.7526215443279314,0.1377904606604158,0.5251580973329667,0.8526725557718221,0.9735024346053676,0.9266666666666666,0.4810968802211565,0.0126615208431904,0.0127980973271958,-0.0012160099350598
44,85,1917.9543225765228,64,1090.9267184734344,0.8087500970220692,0.6366691144559773,0.4786783667431861,0.4846295145380705,0.7856831042586302,0.4786783667431861,0.9349820788530466,0.7545281220209723,0.0315186246418338,0.0925397472482674,0.8845635574187752,0.0399002493765586,0.4836403629364861,0.1153846153846153,0.4757709251101321,0.9739553844411732,0.4789833893307381,40,827.024017572403,0.8077669400532974,0.60358669414898,0.4727061302244216,0.4793340370424716,0.7855001205719073,0.4727061302244216,0.0769230769230769,0.4625550660792951,0.0257879656160458,0.0199501246882793,0.7521448999046711,0.091316754993885,0.5125103106956282,0.8868094026051804,0.9736156720643188,0.9254480286738352,0.48154815275738,-0.0059722365187644,-0.0052954774955989,-0.0009831569687718
45,86,1983.49279165268,36,1128.5309369564056,0.8068614007399549,0.5775428233358877,0.4616939820036426,0.4720786543302499,0.7851377743643122,0.4616939820036426,0.9448745519713262,0.7612011439466159,0.0143266475644699,0.1239298817774154,0.8526725557718221,0.027431421446384,0.4660434423975804,0.0769230769230769,0.3744493392070485,0.9750877590306872,0.4836341484443129,56,854.9584820270538,0.8083361361931127,0.6656562053992565,0.4854089262626789,0.5030163040469648,0.7928803766258344,0.4854089262626789,0.1153846153846153,0.4449339207048458,0.0487106017191977,0.0473815461346633,0.7502383222116301,0.1708112515287403,0.5312070387682155,0.8426411139392125,0.975540708866493,0.9272401433691756,0.4767768844437412,0.0237149442590363,0.0309376497167149,0.0014747354531577
46,87,1921.7269401550293,64,1064.0348975658417,0.8089312048847378,0.6077484297494703,0.4754527778533675,0.4941076205752749,0.7916366049809644,0.4754527778533675,0.9269534050179212,0.7454718779790277,0.0343839541547277,0.1443130860171219,0.8571642461446324,0.0648379052369077,0.5309320868847952,0.1153846153846153,0.3568281938325991,0.9782584078813272,0.4781543474992075,41,857.6883924007416,0.8091899304028356,0.6355321386472426,0.4787209503309137,0.4936179044504293,0.7888458826746424,0.4787209503309137,0.1538461538461538,0.3964757709251101,0.0401146131805157,0.0299251870324189,0.7416587225929456,0.0953933958418263,0.5493538630739621,0.8856116185057643,0.9728230098516588,0.9220071684587814,0.4795105148996715,0.0032681724775461,-0.0004897161248455,0.0002587255180978
47,88,1984.0330035686493,64,1128.034201145172,0.8063180771519495,0.6099309009298441,0.4835061849035867,0.4986153166042002,0.7940067242874627,0.4835061849035867,0.9341935483870968,0.7359389895138226,0.0286532951289398,0.2494904198940073,0.805360083844887,0.0324189526184538,0.5078361286774814,0.1153846153846153,0.4493392070484581,0.9764466085381044,0.4790241499133247,43,855.9952328205109,0.8074305968797703,0.5814319234867055,0.4855502441569152,0.4999533594337028,0.7932036014158644,0.4855502441569152,0.1153846153846153,0.4405286343612334,0.0515759312320916,0.0374064837905236,0.7664442326024785,0.2009783938035059,0.5213087709650811,0.8131456804910915,0.973389197146416,0.9353405017921148,0.4808349561391803,0.0020440592533285,0.0013380428295025,0.0011125197278207
48,89,1909.6433055400848,64,999.2052702903748,0.8079221753641561,0.6534469487572003,0.4785255310745204,0.4973285479719855,0.7948477732254018,0.4785255310745204,0.9347670250896056,0.7216396568160153,0.0315186246418338,0.2331838565022421,0.8246743524479713,0.0349127182044887,0.5138850701127303,0.1153846153846153,0.4008810572687225,0.9744083342769788,0.4796921214984338,42,910.4338972568512,0.8053349201831776,0.6075075914527248,0.4948711698838972,0.51207645204023,0.798114615417909,0.4948711698838972,0.1153846153846153,0.4537444933920704,0.0401146131805157,0.0374064837905236,0.7564346997140133,0.3799429270281288,0.507561176794061,0.7510106303338823,0.9754274714075416,0.93168458781362,0.4787564876656252,0.0163456388093767,0.0147479040682444,-0.0025872551809784
49,90,1759.1201927661896,40,879.3571217060089,0.8067837830845256,0.6307120483412515,0.4688945378890936,0.484785748547769,0.7845965690799587,0.4688945378890936,0.9389964157706092,0.713536701620591,0.0171919770773638,0.1145536078271504,0.8827668812696512,0.0249376558603491,0.4770415177343964,0.1923076923076923,0.3568281938325991,0.9707847355905334,0.4883982737170275,39,879.7592718601227,0.8067837830845256,0.6109678990589245,0.4820831812766957,0.498562330968973,0.7916938849094822,0.4820831812766957,0.1153846153846153,0.4361233480176211,0.0401146131805157,0.0299251870324189,0.7559580552907531,0.1830411740725642,0.5160846851800935,0.8475819733493037,0.972030347638999,0.9245878136200716,0.4795315717251185,0.0131886433876021,0.0137765824212039,0.0
50,91,2002.4586777687075,40,1053.8790848255155,0.8060076065302321,0.597135291064966,0.4715183580162286,0.4877473577239778,0.78967268291655,0.4715183580162286,0.93584229390681,0.7407054337464252,0.0085959885386819,0.188748471259682,0.8308129959574787,0.0374064837905236,0.5004124278251306,0.1538461538461538,0.3436123348017621,0.9752009964896388,0.4839933351245519,31,948.5763297080994,0.805904116322993,0.6129643127530563,0.4806243450891911,0.4926495090413176,0.787618928405804,0.4806243450891911,0.1153846153846153,0.4845814977973568,0.0257879656160458,0.0374064837905236,0.7545281220209723,0.1455360782715042,0.4880395930712125,0.8466836352747418,0.972596534933756,0.9356989247311828,0.4805825802598936,0.0091059870729625,0.0049021513173397,-0.000103490207239
51,92,1920.696286201477,32,1138.920968055725,0.8055936457012756,0.6130417966443212,0.4662572427772201,0.479206197681229,0.7878779548140036,0.4662572427772201,0.9409318996415772,0.7559580552907531,0.0286532951289398,0.1744802282918874,0.83575385536757,0.0299251870324189,0.4734671432499313,0.0769230769230769,0.3744493392070485,0.972030347638999,0.486977953971248,57,781.7718493938446,0.8054384103904169,0.623663213323023,0.4903384174026063,0.5056984586410449,0.7941785555290144,0.4903384174026063,0.1153846153846153,0.4625550660792951,0.0487106017191977,0.0523690773067331,0.7488083889418494,0.2409294741133306,0.5270827605169095,0.8086539901182812,0.9737289095232704,0.9251612903225808,0.4827111716973778,0.0240811746253861,0.0264922609598158,-0.0001552353108587
52,93,1953.4479749202728,64,1066.532508134842,0.8066026752218571,0.6173934271602194,0.4692111299423731,0.4828805823416948,0.7906312749505048,0.4692111299423731,0.9460931899641576,0.7383222116301239,0.0229226361031518,0.2181002853648593,0.8176373708639018,0.027431421446384,0.4676931536981028,0.0769230769230769,0.4008810572687225,0.97610689616125,0.4806462166590085,53,886.9116280078888,0.8110786266849499,0.6567409848517365,0.4884511071631485,0.5070927741753383,0.7928221443899742,0.4884511071631485,0.1538461538461538,0.4537444933920704,0.0515759312320916,0.0498753117206982,0.7535748331744518,0.1602119853240929,0.4874896893043717,0.8585117532564756,0.97689955837391,0.9387813620071684,0.4717465303941383,0.0192399772207754,0.0242121918336434,0.0044759514630927
53,94,1917.623054742813,64,1051.8196337223053,0.8097073814390313,0.6386500724620132,0.477022225537406,0.4919597703514728,0.7875434039404926,0.477022225537406,0.9417204301075268,0.7497616777883699,0.0257879656160458,0.1059926620464737,0.8727354394370415,0.0523690773067331,0.4902392081385757,0.1538461538461538,0.4052863436123348,0.9724832974748048,0.4789715358388769,42,865.7998881340027,0.8063698222555691,0.6097495415671488,0.4917638129429105,0.5039732143979986,0.7888726068211083,0.4917638129429105,0.1923076923076923,0.4713656387665198,0.0372492836676217,0.0374064837905236,0.7502383222116301,0.1235222176926212,0.5485290074237008,0.8686929181015122,0.9746348091948815,0.9136917562724014,0.4825856906439779,0.0147415874055044,0.0120134440465257,-0.0033375591834622
54,95,1887.48237490654,32,1018.2696340084076,0.8068096556363354,0.6174584811800976,0.4695144714504997,0.4868058662434034,0.7870806205673103,0.4695144714504997,0.9386379928315411,0.7297426120114394,0.0229226361031518,0.1426824296779453,0.8603084294055996,0.027431421446384,0.4852900742370085,0.1538461538461538,0.3612334801762114,0.9730494847695618,0.4864880878246295,50,869.2087094783783,0.8073529792243409,0.6151004099246834,0.4776010401033283,0.4939159011167809,0.7936814827225878,0.4776010401033283,0.0769230769230769,0.4317180616740088,0.0286532951289398,0.0374064837905236,0.7407054337464252,0.2380758255197717,0.4954632939235633,0.8134451265159455,0.9744083342769788,0.9392114695340502,0.4773083227050433,0.0080865686528285,0.0071100348733774,0.0005433235880054
55,96,2014.799870014191,64,1056.6921999454498,0.8052314299759386,0.5885017072525495,0.4680357650891231,0.4830022240011841,0.7896774400715809,0.4680357650891231,0.9329749103942652,0.7445185891325071,0.0229226361031518,0.1964940888707705,0.8279682587213655,0.0224438902743142,0.5042617541930162,0.1153846153846153,0.3392070484581498,0.974181859359076,0.4840107876007956,34,958.1039974689484,0.805283175079558,0.6329457646499839,0.4908594193043386,0.5069345367379677,0.7923467558238442,0.4908594193043386,0.1538461538461538,0.4537444933920704,0.0315186246418338,0.0473815461346633,0.7583412774070544,0.2136159804321239,0.5320318944184768,0.8231771223237011,0.9756539463254444,0.9192831541218638,0.4845215857741423,0.0228236542152154,0.0239323127367836,5.174510361949381e-05
56,97,1887.540954589844,36,1060.133192539215,0.8014281648599001,0.5728483381398388,0.4697486126299622,0.4840282734911749,0.7865616374681031,0.4697486126299622,0.930179211469534,0.7221163012392755,0.0,0.1916021198532409,0.8242251834106902,0.0299251870324189,0.5045367060764366,0.1538461538461538,0.3700440528634361,0.9710112105084362,0.4919817582968336,43,827.4043202400208,0.8082843910894931,0.6371065583393734,0.4847110424044287,0.4984199195798678,0.7905512156664458,0.4847110424044287,0.1153846153846153,0.4757709251101321,0.0286532951289398,0.0473815461346633,0.7559580552907531,0.1475743986954749,0.5196590596645587,0.8531217248091032,0.9748612841127844,0.9287455197132616,0.4783982476923852,0.0149624297744664,0.0143916460886928,0.006856226229593
57,98,1883.9475855827327,32,968.0223352909088,0.8067320379809061,0.5781603147844117,0.4633507087808574,0.476561799402497,0.7852807749489308,0.4633507087808574,0.9417921146953404,0.713536701620591,0.0028653295128939,0.1153689359967386,0.8694415331636473,0.0324189526184538,0.4883145449546329,0.1153846153846153,0.3832599118942731,0.9711244479673876,0.4856058601005176,49,915.921585559845,0.8066026752218571,0.621406221288931,0.4956344997749548,0.511032322239243,0.7987589218246959,0.4956344997749548,0.1153846153846153,0.4581497797356828,0.0429799426934097,0.0448877805486284,0.7454718779790277,0.3815735833673053,0.5056365136101182,0.7487647851474771,0.9762201336202015,0.9372759856630823,0.4757430560090545,0.0322837909940973,0.0344705228367459,-0.0001293627590489
58,99,1790.3290598392489,64,947.7720053195952,0.8099143618535096,0.608097485448714,0.4561333929451609,0.4624432890263129,0.7841635906659641,0.4561333929451609,0.9390681003584228,0.7383222116301239,0.0229226361031518,0.066041581736649,0.8978889055247792,0.0573566084788029,0.4855650261204289,0.0,0.3788546255506608,0.9753142339485902,0.4792009842188829,34,842.5534737110138,0.8055936457012756,0.6171437054917128,0.4866250109579848,0.5041349496303462,0.7890565735988274,0.4866250109579848,0.1923076923076923,0.4273127753303964,0.0372492836676217,0.0349127182044887,0.7631077216396568,0.166734610680799,0.5004124278251306,0.8439886210510555,0.9703317857547276,0.9298924731182796,0.4832265510538664,0.0304916180128239,0.0416916606040333,-0.004320716152234
59,100,1825.1991655826569,40,990.2695310115814,0.8080774106750149,0.6003108759346015,0.4646103717874529,0.4727452251440621,0.7850745988027202,0.4646103717874529,0.9255197132616488,0.7488083889418494,0.0085959885386819,0.0811251528740318,0.8883066327294505,0.0224438902743142,0.530107231234534,0.1153846153846153,0.3524229074889868,0.973389197146416,0.4839496781118431,44,834.9259603023529,0.8076893223978681,0.6229549889914886,0.4875403655224585,0.4998064174896899,0.7925211899130848,0.4875403655224585,0.1153846153846153,0.4933920704845815,0.0429799426934097,0.0349127182044887,0.7507149666348903,0.1907867916836526,0.5001374759417102,0.8418924988770774,0.9745215717359302,0.9306810035842292,0.4779533487696076,0.0229299937350055,0.0270611923456277,-0.0003880882771468
60,101,2104.643588781357,64,1096.3235204219818,0.8067320379809061,0.6069115176600333,0.47435836609071436,0.4861813845663085,0.7908770394796616,0.47435836609071436,0.9362007168458781,0.7454718779790277,0.014326647564469915,0.19730941704035873,0.8308129959574787,0.02743142144638404,0.4968380533406654,0.11538461538461539,0.4052863436123348,0.9745215717359302,0.4822174531254237,46,1008.3166434764862,0.8086207342630204,0.6254887524310325,0.48967330841188117,0.5057402048807549,0.794293524668499,0.48967330841188117,0.15384615384615385,0.44493392070484583,0.04871060171919771,0.032418952618453865,0.7573879885605338,0.1964940888707705,0.5325817981853176,0.8228776762988471,0.9756539463254444,0.9318279569892474,0.4800956434816294,0.015314942321166813,0.01955882031444639,0.0018886962821142994
