stage,num_classes,classes,newest_class,hidden_units,train_rows,validation_rows,best_epoch,fit_state,train_time_seconds,train_accuracy,train_macro_precision,train_macro_recall,train_macro_f1,train_weighted_f1,train_balanced_accuracy,train_attack_macro_recall,train_recall_class_7,train_recall_class_8,train_loss,validation_accuracy,validation_macro_precision,validation_macro_recall,validation_macro_f1,validation_weighted_f1,validation_balanced_accuracy,validation_attack_macro_recall,validation_recall_class_7,validation_recall_class_8,validation_loss,train_recall_class_2,validation_recall_class_2,train_recall_class_5,validation_recall_class_5,train_recall_class_1,validation_recall_class_1,train_recall_class_3,validation_recall_class_3,train_recall_class_6,validation_recall_class_6,train_recall_class_4,validation_recall_class_4,train_recall_class_9,validation_recall_class_9,train_recall_class_0,validation_recall_class_0
1,2,"7,8",8,0,1180,252,200,acceptable,5.726675033569336,0.9771186440677966,0.9875576036866359,0.889344262295082,0.9314884384051816,0.9758392925071626,0.889344262295082,0.889344262295082,0.7786885245901639,1.0,0.11054902306552661,0.9761904761904762,0.9870689655172413,0.8846153846153846,0.9282323903550408,0.9747936387389586,0.8846153846153846,0.8846153846153846,0.7692307692307693,1.0,0.11192269623279572,,,,,,,,,,,,,,,,
2,3,"7,8,2",2,0,2810,602,200,acceptable,8.298638343811035,0.9192170818505339,0.8650646994567307,0.8618061133717388,0.8605096117441534,0.9194201886852121,0.8618061133717388,0.8618061133717388,0.7049180327868853,0.9933837429111532,0.2650023814197961,0.9285714285714286,0.8456390381108904,0.8635800188012578,0.8528743591185596,0.9288913710571002,0.8635800188012578,0.8635800188012578,0.6923076923076923,0.995575221238938,0.25683733731805286,0.8871165644171779,0.9028571428571428,,,,,,,,,,,,,,
3,4,"7,8,2,5",5,0,4684,1004,200,underfit,12.649639368057251,0.6902220324508966,0.7215533601499811,0.738931887574886,0.7178119308417072,0.6676441025319331,0.738931887574886,0.738931887574886,0.8032786885245902,0.996219281663516,0.555767753203642,0.6314741035856574,0.6691946988818668,0.6923341088973106,0.6739121464477681,0.6118067684866798,0.6923341088973106,0.6923341088973106,0.7692307692307693,0.9911504424778761,0.566639213210558,0.35153374233128837,0.3,0.8046958377801494,0.7089552238805971,,,,,,,,,,,,
3,4,"7,8,2,5",5,1,4684,1004,200,underfit,10.050525903701782,0.6300170794192997,0.5144009734944145,0.5028481178573361,0.40858125559508274,0.49855553265332386,0.5028481178573361,0.5028481178573361,0.0,0.998109640831758,0.7217380607056882,0.6374501992031872,0.5593303275227697,0.5086638237384506,0.4213185342268588,0.5148095573878217,0.5086638237384506,0.5086638237384506,0.0,1.0,0.7121081955404396,0.015950920245398775,0.037142857142857144,0.9973319103521878,0.9975124378109452,,,,,,,,,,,,
3,4,"7,8,2,5",5,2,4684,1004,200,underfit,12.21847414970398,0.6974807856532877,0.7347879125850646,0.7477906323246346,0.7276403704204268,0.6752170201656816,0.7477906323246346,0.7477906323246346,0.819672131147541,1.0,0.544669751984558,0.6344621513944223,0.6721952128704997,0.7215945000273358,0.6868185196000907,0.6116563002458694,0.7215945000273358,0.7215945000273358,0.8846153846153846,1.0,0.5624048952087463,0.3539877300613497,0.28285714285714286,0.8175026680896478,0.7189054726368159,,,,,,,,,,,,
3,4,"7,8,2,5",5,3,4684,1004,130,underfit,7.858600616455078,0.7115713065755764,0.7559548701178275,0.7540231909933579,0.7495576907076003,0.7012218337012143,0.7540231909933579,0.7540231909933579,0.7950819672131147,1.0,0.5075717878382395,0.6444223107569721,0.6937598085962053,0.7218689519435788,0.7043086612936994,0.6348208617454277,0.7218689519435788,0.7218689519435788,0.8461538461538461,1.0,0.5251310334737558,0.45153374233128835,0.37714285714285717,0.7694770544290288,0.664179104477612,,,,,,,,,,,,
3,4,"7,8,2,5",5,4,4684,1004,52,underfit,3.6173861026763916,0.716268146883006,0.762288937147718,0.7673357588628716,0.7607797085865791,0.7077614766230776,0.7673357588628716,0.7673357588628716,0.8360655737704918,1.0,0.5009872884347233,0.649402390438247,0.6993924118449251,0.7344338745831283,0.7133012051458933,0.6405452046749444,0.7344338745831283,0.7344338745831283,0.8846153846153846,1.0,0.5202312918298273,0.47607361963190187,0.3914285714285714,0.7572038420490929,0.6616915422885572,,,,,,,,,,,,
3,4,"7,8,2,5",5,5,4684,1004,39,underfit,2.884239435195923,0.7177625960717335,0.7665006006547249,0.7664523429224274,0.75711899511902,0.7034527063248338,0.7664523429224274,0.7664523429224274,0.8360655737704918,1.0,0.4978564051763305,0.651394422310757,0.6998105870989055,0.7343841233393472,0.7108473124098124,0.6379078742749061,0.7343841233393472,0.7343841233393472,0.8846153846153846,1.0,0.5167211336918561,0.42024539877300615,0.3514285714285714,0.8094983991462114,0.7014925373134329,,,,,,,,,,,,
3,4,"7,8,2,5",5,6,4684,1004,2,underfit,0.4528470039367676,0.7186165670367207,0.7644997937359733,0.7629160923775661,0.7590382474335577,0.7097816106829905,0.7629160923775661,0.7629160923775661,0.8114754098360656,1.0,0.4971001158404004,0.646414342629482,0.6972584060763583,0.7324758077743152,0.7113470435152516,0.6376175566981132,0.7324758077743152,0.7324758077743152,0.8846153846153846,1.0,0.5168397690195486,0.4717791411042945,0.38857142857142857,0.768409818569904,0.6567164179104478,,,,,,,,,,,,
3,4,"7,8,2,5",5,7,4684,1004,2,underfit,0.6445965766906738,0.7196840307429547,0.7699627712126232,0.7673933765043459,0.7579534654412308,0.704404682351182,0.7673933765043459,0.7673933765043459,0.8360655737704918,1.0,0.4972075535943628,0.649402390438247,0.6981417194200531,0.7328631567437538,0.708863024922347,0.6351111381022246,0.7328631567437538,0.7328631567437538,0.8846153846153846,1.0,0.5167752732318711,0.41226993865030676,0.34285714285714286,0.8212379935965849,0.7039800995024875,,,,,,,,,,,,
3,4,"7,8,2,5",5,8,4684,1004,18,underfit,1.3692500591278076,0.7194705380017079,0.7666322575988741,0.7668019879803676,0.7607742172117573,0.7092246603528637,0.7668019879803676,0.7668019879803676,0.8278688524590164,1.0,0.4953547274323227,0.6454183266932271,0.7032552138674918,0.7314843365589634,0.7137523268759374,0.6359197517804381,0.7314843365589634,0.7314843365589634,0.8846153846153846,1.0,0.5157816711649952,0.4570552147239264,0.37714285714285717,0.7822838847385272,0.664179104477612,,,,,,,,,,,,
3,4,"7,8,2,5",5,9,4684,1004,11,underfit,0.7748239040374756,0.7188300597779675,0.7687371112322229,0.7670195165806892,0.757933997336859,0.7042596188454104,0.7670195165806892,0.7670195165806892,0.8360655737704918,1.0,0.49491606875426947,0.6523904382470119,0.7069258045821678,0.7350984090536329,0.715247405780494,0.6392237803306763,0.7350984090536329,0.7350984090536329,0.8846153846153846,1.0,0.5143471837518699,0.4171779141104294,0.35428571428571426,0.8148345784418356,0.7014925373134329,,,,,,,,,,,,
3,4,"7,8,2,5",5,10,4684,1004,4,stagnated,0.4791245460510254,0.71733561058924,0.7628992361420746,0.7698399983427414,0.7651633315001709,0.7128225585862599,0.7698399983427414,0.7698399983427414,0.8360655737704918,1.0,0.4947973706598062,0.6424302788844621,0.6972500248759904,0.7399980864906238,0.7159896465665314,0.636459587224498,0.7399980864906238,0.7399980864906238,0.9230769230769231,1.0,0.51418612226547,0.5325153374233129,0.42,0.7107790821771611,0.6169154228855721,,,,,,,,,,,,
4,5,"7,8,2,5,1",1,10,14475,3102,198,underfit,29.690478324890137,0.7814162348877375,0.6990319101845728,0.5309166344065365,0.5812024014157846,0.7645403510952755,0.5309166344065365,0.5309166344065365,0.28688524590163933,0.6039697542533081,0.48317887052147296,0.7495164410058027,0.5967225755055157,0.45660269372144163,0.48631660484706735,0.7319296194493574,0.45660269372144163,0.45660269372144163,0.07692307692307693,0.6106194690265486,0.5024619557871348,0.25766871165644173,0.19428571428571428,0.5720384204909285,0.48507462686567165,0.9340210397303647,0.9161105815061964,,,,,,,,,,
4,5,"7,8,2,5,1",1,11,14475,3102,57,underfit,8.175275564193726,0.7848704663212436,0.7039027482307002,0.554620280505687,0.6063103829806245,0.7701172537113106,0.554620280505687,0.554620280505687,0.36885245901639346,0.6361058601134215,0.47597830242855355,0.7514506769825918,0.6293210829541251,0.4797414505096638,0.5162652736888036,0.7361067384082107,0.4797414505096638,0.4797414505096638,0.15384615384615385,0.6592920353982301,0.49747877340790225,0.2901840490797546,0.2057142857142857,0.5432230522945571,0.4651741293532338,0.9347359820243081,0.9146806482364156,,,,,,,,,,
4,5,"7,8,2,5,1",1,12,14475,3102,16,underfit,3.196160316467285,0.7865284974093264,0.7176457898964909,0.5566503581771081,0.6034707219221849,0.7664619087518164,0.5566503581771081,0.5566503581771081,0.39344262295081966,0.6398865784499055,0.47421370665232343,0.754996776273372,0.6487452139747638,0.489691406363181,0.5257123422076065,0.7355744597557037,0.489691406363181,0.489691406363181,0.19230769230769232,0.6592920353982301,0.49651863419725234,0.2098159509202454,0.16285714285714287,0.6013874066168623,0.5174129353233831,0.9387192319477071,0.9165872259294566,,,,,,,,,,
4,5,"7,8,2,5,1",1,13,14475,3102,23,underfit,3.8930325508117676,0.7877720207253887,0.7254511374945457,0.5538163691543069,0.6127949729363706,0.7642752268965661,0.5538163691543069,0.5538163691543069,0.4426229508196721,0.6465028355387523,0.47176287220755597,0.754996776273372,0.6539204655976908,0.4816445398461866,0.5294477708614048,0.7300636541299945,0.4816445398461866,0.4816445398461866,0.23076923076923078,0.6592920353982301,0.4945266955057165,0.24846625766871167,0.18,0.4743863393810032,0.40298507462686567,0.9571034623633949,0.9351763584366063,,,,,,,,,,
4,5,"7,8,2,5,1",1,14,14475,3102,39,underfit,6.066570043563843,0.7895682210708117,0.7334683553955448,0.5677901637950369,0.6263224449108042,0.7667004271016402,0.5677901637950369,0.5677901637950369,0.5,0.6531190926275993,0.46709060352289206,0.7578981302385558,0.6632026892912609,0.49288216060275214,0.5431783961023291,0.7342436581492285,0.49288216060275214,0.49288216060275214,0.2692307692307692,0.6592920353982301,0.4923661056831527,0.25766871165644173,0.19428571428571428,0.47065101387406616,0.4054726368159204,0.9575120008170769,0.9361296472831268,,,,,,,,,,
4,5,"7,8,2,5,1",1,15,14475,3102,1,underfit,1.1814031600952148,0.7900518134715026,0.7287779414733977,0.5869402988856756,0.6353566085891702,0.7720853191466804,0.5869402988856756,0.5869402988856756,0.5245901639344263,0.6559546313799622,0.4666172334073121,0.756608639587363,0.6596460858211268,0.5036141522853578,0.5474234628289514,0.738581692862277,0.5036141522853578,0.5036141522853578,0.2692307692307692,0.6592920353982301,0.4922231820266067,0.24478527607361963,0.18857142857142858,0.5683030949839915,0.48009950248756217,0.9410683280563783,0.9208770257387988,,,,,,,,,,
4,5,"7,8,2,5,1",1,16,14475,3102,5,underfit,1.943333387374878,0.7901208981001727,0.7275142967561938,0.5879181329400254,0.6333663164522678,0.7716452659591301,0.5879181329400254,0.5879181329400254,0.5245901639344263,0.6578449905482041,0.46614701369471706,0.7562862669245648,0.6610201076385238,0.5053819088992649,0.5472234329318562,0.7386065775234774,0.5053819088992649,0.5053819088992649,0.2692307692307692,0.6592920353982301,0.4925320627111377,0.22883435582822087,0.18285714285714286,0.5885805763073639,0.4975124378109453,0.9397405780819119,0.9180171591992373,,,,,,,,,,
4,5,"7,8,2,5,1",1,17,14475,3102,24,underfit,4.068831920623779,0.7903972366148532,0.7323244972828168,0.5919561083889395,0.636066233522606,0.7707716339987682,0.5919561083889395,0.5919561083889395,0.5573770491803278,0.6474480151228733,0.46397083567008246,0.754996776273372,0.6585818738976494,0.5026200949267741,0.5438704262496803,0.7359623749646644,0.5026200949267741,0.5026200949267741,0.2692307692307692,0.6592920353982301,0.49171263067896026,0.2165644171779141,0.16857142857142857,0.5971184631803629,0.4975124378109453,0.9412725972832193,0.9184938036224977,,,,,,,,,,
4,5,"7,8,2,5,1",1,18,14475,3102,7,underfit,1.6840763092041016,0.7910880829015544,0.7286357916379032,0.6076306636251394,0.6487307809311863,0.7760031296448149,0.6076306636251394,0.6076306636251394,0.5901639344262295,0.6540642722117203,0.46275139209108235,0.7553191489361702,0.6561136294428194,0.5089373226245918,0.5485869764983006,0.7410650830210104,0.5089373226245918,0.5089373226245918,0.2692307692307692,0.6592920353982301,0.4911937329709184,0.25153374233128833,0.19142857142857142,0.6093916755602988,0.5124378109452736,0.9329996935961598,0.9122974261201144,,,,,,,,,,
4,5,"7,8,2,5,1",1,19,14475,3102,6,underfit,1.6772456169128418,0.791433506044905,0.7156602290690632,0.6233608946542942,0.6600441643560926,0.7829665258765163,0.6233608946542942,0.6233608946542942,0.6147540983606558,0.6606805293005671,0.4626439504714004,0.75177304964539,0.662916007155807,0.5370759454065764,0.5783110625272996,0.7445726231984218,0.5370759454065764,0.5370759454065764,0.38461538461538464,0.6637168141592921,0.4911035154420741,0.3282208588957055,0.23714285714285716,0.5896478121664888,0.5,0.9235011745480544,0.899904671115348,,,,,,,,,,
4,5,"7,8,2,5,1",1,20,14475,3102,21,underfit,3.4028940200805664,0.7917098445595855,0.7371445955077115,0.5879974523537103,0.6422212103283378,0.7682136889011123,0.5879974523537103,0.5879974523537103,0.6065573770491803,0.6550094517958412,0.46167604579414934,0.7588652482269503,0.6745281992103846,0.5160774354693956,0.5687341393662366,0.7353010947438509,0.5160774354693956,0.5160774354693956,0.38461538461538464,0.668141592920354,0.49001594728458164,0.2644171779141104,0.2,0.45250800426894344,0.39054726368159204,0.9614952507404759,0.9370829361296473,,,,,,,,,,
4,5,"7,8,2,5,1",1,21,14475,3102,11,underfit,2.3632147312164307,0.7920552677029361,0.7375783896787265,0.5959242072662688,0.6444857415088265,0.7695046720754822,0.5959242072662688,0.5959242072662688,0.6147540983606558,0.6606805293005671,0.46003041272336337,0.7611218568665378,0.6834133813595289,0.5442613875794265,0.5924030935963944,0.7388722945297156,0.5442613875794265,0.5442613875794265,0.5,0.6637168141592921,0.48934684423843866,0.23190184049079754,0.18,0.5181430096051227,0.44527363184079605,0.9541415585742008,0.9323164918970448,,,,,,,,,,
4,5,"7,8,2,5,1",1,22,14475,3102,4,underfit,1.6207048892974854,0.791433506044905,0.739094265507439,0.5932782376259633,0.6486117258893784,0.770974658563505,0.5932782376259633,0.5932782376259633,0.6147540983606558,0.6531190926275993,0.4597135777629925,0.7578981302385558,0.6806474061464988,0.5368727199630026,0.5903718919459042,0.737035899565838,0.5368727199630026,0.5368727199630026,0.5,0.6592920353982301,0.4897869092506566,0.35153374233128837,0.2571428571428571,0.387940234791889,0.3308457711442786,0.9590440200183842,0.9370829361296473,,,,,,,,,,
4,5,"7,8,2,5,1",1,23,14475,3102,3,underfit,1.6529831886291504,0.7932987910189983,0.730223087371841,0.6199468126821239,0.6535929120339518,0.7787314531522113,0.6199468126821239,0.6199468126821239,0.6147540983606558,0.668241965973535,0.45874416344729935,0.7562862669245648,0.6754072922115288,0.5605275306486373,0.5966547040433376,0.7445019980176122,0.5605275306486373,0.5605275306486373,0.5,0.6637168141592921,0.48990962893097423,0.23680981595092024,0.18,0.6510138740661686,0.554726368159204,0.9289143090593402,0.9041944709246902,,,,,,,,,,
4,5,"7,8,2,5,1",1,24,14475,3102,38,underfit,6.243115186691284,0.7928842832469776,0.7361830857504013,0.5996681109814707,0.6507321641352444,0.7708642068781437,0.5996681109814707,0.5996681109814707,0.6475409836065574,0.6578449905482041,0.4566798274381173,0.7598323662153449,0.6756647345890446,0.5691992661186426,0.6107451856856686,0.7371478935840632,0.5691992661186426,0.5691992661186426,0.6538461538461539,0.672566371681416,0.48832243579114964,0.28282208588957053,0.20285714285714285,0.4503735325506937,0.3805970149253731,0.9597589623123276,0.9361296472831268,,,,,,,,,,
4,5,"7,8,2,5,1",1,25,14475,3102,3,underfit,1.5152370929718018,0.7930224525043178,0.7208917308611259,0.6249661322119284,0.6646472208179477,0.7832742305765135,0.6249661322119284,0.6249661322119284,0.639344262295082,0.6578449905482041,0.4547301846958813,0.7524177949709865,0.6620327043472295,0.5737934296902232,0.6096983883867251,0.7427383195637483,0.5737934296902232,0.5737934296902232,0.6153846153846154,0.6592920353982301,0.48841763860867304,0.347239263803681,0.22857142857142856,0.5501600853788687,0.4577114427860697,0.9302420590338065,0.9080076263107721,,,,,,,,,,
4,5,"7,8,2,5,1",1,26,14475,3102,6,underfit,2.005291223526001,0.7921243523316062,0.7350098670143177,0.598334147140968,0.6500966051047264,0.7714289061883248,0.598334147140968,0.598334147140968,0.6311475409836066,0.6540642722117203,0.4548664638333164,0.7595099935525468,0.6827343159796947,0.5616990114098425,0.6086269867798009,0.7383332690747761,0.5616990114098425,0.5616990114098425,0.6153846153846154,0.6592920353982301,0.48834355610712815,0.28773006134969326,0.20857142857142857,0.4626467449306297,0.39054726368159204,0.95608211622919,0.9346997140133461,,,,,,,,,,
4,5,"7,8,2,5,1",1,27,14475,3102,14,underfit,3.308759927749634,0.7941278065630397,0.7263358558391919,0.617037631263714,0.6613237615833147,0.7793413390166468,0.617037631263714,0.617037631263714,0.6475409836065574,0.667296786389414,0.45318272905234436,0.7546744036105738,0.6760370140542606,0.5782460057285055,0.6180875813980864,0.7406918127567244,0.5782460057285055,0.5782460057285055,0.6538461538461539,0.672566371681416,0.4876167825312095,0.32085889570552145,0.22285714285714286,0.5058697972251868,0.4253731343283582,0.9436216933918905,0.9165872259294566,,,,,,,,,,
4,5,"7,8,2,5,1",1,28,14475,3102,5,underfit,2.119248628616333,0.7949568221070812,0.7401154451555534,0.6243640604256655,0.6542734712685506,0.777140314060412,0.6243640604256655,0.6243640604256655,0.6475409836065574,0.6701323251417769,0.45253790720345033,0.7556415215989684,0.6715526525925084,0.5838789573427784,0.6102840599399766,0.7399409105195472,0.5838789573427784,0.5838789573427784,0.6538461538461539,0.6637168141592921,0.48823246965094735,0.20552147239263804,0.14857142857142858,0.6654215581643543,0.5447761194029851,0.9332039628230007,0.9084842707340324,,,,,,,,,,
4,5,"7,8,2,5,1",1,29,14475,3102,2,stagnated,1.2335705757141113,0.7938514680483593,0.7334378566112093,0.6087992887791007,0.6584202201041761,0.7756397625559606,0.6087992887791007,0.6087992887791007,0.6475409836065574,0.6710775047258979,0.452228816457363,0.7585428755641521,0.6731154671927932,0.5710919299952286,0.6126358412068746,0.7389749958457321,0.5710919299952286,0.5710919299952286,0.6538461538461539,0.672566371681416,0.48784416773717376,0.3263803680981595,0.22857142857142856,0.4455709711846318,0.3681592039800995,0.9534266162802574,0.9323164918970448,,,,,,,,,,
5,6,"7,8,2,5,1,3",3,28,25922,5555,114,underfit,27.428313493728638,0.7806496412313865,0.7110129205260621,0.5252760586791246,0.567983719239579,0.7541081948632227,0.5252760586791246,0.5252760586791246,0.4344262295081967,0.6001890359168242,0.6518641590713379,0.7755175517551756,0.6648232483277416,0.49668267628712703,0.5348272502023937,0.7473753546573771,0.49668267628712703,0.49668267628712703,0.3076923076923077,0.5973451327433629,0.6823377722989966,0.10858895705521472,0.06571428571428571,0.23319103521878334,0.23880597014925373,0.8378102338882647,0.8369876072449952,0.937450860487464,0.9335507541785568,,,,,,,,
5,6,"7,8,2,5,1,3",3,29,25922,5555,5,underfit,2.712531328201294,0.7801095594475735,0.7084559190239711,0.5257522446958267,0.5682884318654094,0.7539604342287483,0.5257522446958267,0.5257522446958267,0.4344262295081967,0.6086956521739131,0.6509748964975226,0.7765976597659766,0.6743376551281367,0.5078545626287437,0.5476450296355104,0.75015362711683,0.5078545626287437,0.5078545626287437,0.34615384615384615,0.6194690265486725,0.6818531205587619,0.13558282208588956,0.1,0.20117395944503735,0.21144278606965175,0.8377080992748442,0.836510962821735,0.9369267056870796,0.9335507541785568,,,,,,,,
5,6,"7,8,2,5,1,3",3,30,25922,5555,52,underfit,14.149691104888916,0.7826556592855489,0.7178795522498516,0.5520570874534428,0.5865730748233777,0.7558691562928206,0.5520570874534428,0.5520570874534428,0.5819672131147541,0.6143667296786389,0.6441152300163971,0.776957695769577,0.6622971383879631,0.5482812418252508,0.573097737696926,0.7481708645233053,0.5482812418252508,0.5482812418252508,0.6153846153846154,0.6194690265486725,0.6778467495628138,0.10858895705521472,0.054285714285714284,0.22998932764140875,0.22885572139303484,0.8377080992748442,0.836510962821735,0.9397221979557963,0.9351814105177334,,,,,,,,
5,6,"7,8,2,5,1,3",3,31,25922,5555,26,underfit,8.101857423782349,0.7836200910423579,0.7230684709050461,0.5525537943664288,0.5882062489401336,0.7566950363349016,0.5525537943664288,0.5525537943664288,0.5737704918032787,0.6294896030245747,0.6405536598440361,0.778037803780378,0.6681468666290676,0.5519485224339148,0.5776088558898105,0.7499595830824468,0.5519485224339148,0.5519485224339148,0.6153846153846154,0.6371681415929203,0.6763016038923839,0.11349693251533742,0.06571428571428571,0.2193169690501601,0.22139303482587064,0.8369931569809008,0.8360343183984748,0.9422556128243208,0.9359967386873217,,,,,,,,
5,6,"7,8,2,5,1,3",3,32,25922,5555,10,underfit,3.8213467597961426,0.7844687909883497,0.7295115366802277,0.5445899451387355,0.5854401165342452,0.7586029873512625,0.5445899451387355,0.5445899451387355,0.5,0.6304347826086957,0.6388724916060944,0.776957695769577,0.6784882817953558,0.5081609028351176,0.5455779976827052,0.7484857690652701,0.5081609028351176,0.5081609028351176,0.34615384615384615,0.6415929203539823,0.6766190197422738,0.10736196319018405,0.04857142857142857,0.25240128068303097,0.24129353233830847,0.8370952915943213,0.8369876072449952,0.9402463527561806,0.9343660823481451,,,,,,,,
5,6,"7,8,2,5,1,3",3,33,25922,5555,3,underfit,2.2506587505340576,0.7833886274207237,0.7214221189004557,0.540731916931323,0.5829938120541468,0.7576397030770737,0.540731916931323,0.540731916931323,0.4918032786885246,0.6219281663516069,0.6392298353857928,0.7776777677767777,0.6856435394457554,0.5085154539187408,0.5485964731512087,0.7502452112903305,0.5085154539187408,0.5085154539187408,0.34615384615384615,0.6283185840707964,0.6767405470891862,0.1147239263803681,0.06571428571428571,0.2390608324439701,0.23880597014925373,0.8368910223674804,0.836510962821735,0.9399842753559885,0.9355890746025275,,,,,,,,
5,6,"7,8,2,5,1,3",3,34,25922,5555,11,underfit,4.275158882141113,0.7848931409613455,0.7225295271765093,0.5574721499043326,0.594913902028903,0.7597651987262182,0.5574721499043326,0.5574721499043326,0.5737704918032787,0.6332703213610587,0.6373477746754018,0.778037803780378,0.6702892757848514,0.5425562515998038,0.5737828732017162,0.7512679671306184,0.5425562515998038,0.5425562515998038,0.5384615384615384,0.6415929203539823,0.67570985177956,0.13067484662576687,0.07428571428571429,0.2294557097118463,0.23134328358208955,0.8368910223674804,0.836510962821735,0.940770507556565,0.9331430900937627,,,,,,,,
5,6,"7,8,2,5,1,3",3,35,25922,5555,2,underfit,2.691739559173584,0.7836586683126302,0.7357485175002895,0.5397852677896641,0.580964397310242,0.7558767270474774,0.5397852677896641,0.5397852677896641,0.5081967213114754,0.6190926275992439,0.6372105086321596,0.7765976597659766,0.6715008788101519,0.514178060556953,0.5510392989478216,0.7468700188188333,0.514178060556953,0.514178060556953,0.4230769230769231,0.6106194690265486,0.6760482348266965,0.09447852760736196,0.04285714285714286,0.23585912486659552,0.23383084577114427,0.8376059646614238,0.8374642516682554,0.9434786406918844,0.9372197309417041,,,,,,,,
5,6,"7,8,2,5,1,3",3,36,25922,5555,4,stagnated,2.8604400157928467,0.7852403363937968,0.7254732398775984,0.5534531217808596,0.5930123997934567,0.7601277761715188,0.5534531217808596,0.5534531217808596,0.5409836065573771,0.6389413988657845,0.636653513449797,0.778037803780378,0.6850900358014198,0.5361761226810405,0.5734798644324693,0.7513007526618836,0.5361761226810405,0.5361761226810405,0.5,0.6371681415929203,0.6757068891014525,0.12515337423312883,0.07142857142857142,0.23799359658484526,0.23880597014925373,0.8367888877540598,0.836510962821735,0.9408578666899624,0.9331430900937627,,,,,,,,
6,7,"7,8,2,5,1,3,6",6,31,42894,9192,135,underfit,47.4008948802948,0.8056138387653284,0.7632187533260544,0.564769874305201,0.5956046017435933,0.7878870565580125,0.564769874305201,0.564769874305201,0.5409836065573771,0.5425330812854442,0.5923149322481841,0.7978677110530896,0.7340577010460007,0.5478805247383923,0.5779028016070052,0.7801347682737374,0.5478805247383923,0.5478805247383923,0.46153846153846156,0.5265486725663717,0.6359209225320941,0.06625766871165645,0.04857142857142857,0.18836712913553896,0.20398009950248755,0.8194260034725769,0.8198284080076264,0.9134270988031798,0.9041989400733795,0.882394532170634,0.8704976629089909,,,,,,
6,7,"7,8,2,5,1,3,6",6,32,42894,9192,32,underfit,12.582984447479248,0.8071525155033338,0.7690091553839885,0.5636943409110338,0.6002792821271344,0.7900941985753847,0.5636943409110338,0.5636943409110338,0.5245901639344263,0.5255198487712666,0.584830392925546,0.7986292428198434,0.7289341198004885,0.5341505520367369,0.5672880952711198,0.7808816489543583,0.5341505520367369,0.5341505520367369,0.38461538461538464,0.49557522123893805,0.6318543628571447,0.07484662576687116,0.054285714285714284,0.2033084311632871,0.2064676616915423,0.8214686957409866,0.8217349857006673,0.9100200926006814,0.9017529555646148,0.8861065283997172,0.8746219411602969,,,,,,
6,7,"7,8,2,5,1,3,6",6,33,42894,9192,2,underfit,3.9788875579833984,0.8078286007366998,0.7643662128311035,0.5718187845385528,0.6030010753364486,0.7907856035646722,0.5718187845385528,0.5718187845385528,0.5655737704918032,0.5444234404536862,0.5852124489965086,0.8002610966057441,0.7306726265412227,0.5671813286743641,0.5925504910139737,0.7831433609286748,0.5671813286743641,0.5671813286743641,0.5769230769230769,0.5265486725663717,0.6311534924855743,0.07177914110429448,0.054285714285714284,0.20437566702241194,0.21641791044776118,0.8176897150444286,0.8188751191611058,0.9105442474010658,0.9001222992254383,0.8883455102521801,0.8770965081110805,,,,,,
6,7,"7,8,2,5,1,3,6",6,34,42894,9192,6,underfit,4.570133924484253,0.8075488413297898,0.7788470833789051,0.5656134521629527,0.5976268681582784,0.788982903594712,0.5656134521629527,0.5656134521629527,0.5737704918032787,0.5132325141776938,0.5841913993232883,0.8012402088772846,0.7490925820138888,0.5725314578206577,0.5950860536539339,0.7828651338152132,0.5725314578206577,0.5725314578206577,0.6538461538461539,0.49557522123893805,0.6303062182182432,0.06196319018404908,0.04857142857142857,0.18890074706510138,0.2064676616915423,0.8192217342457359,0.8203050524308866,0.9116799161352319,0.9033836119037912,0.8905255715295781,0.8795710750618642,,,,,,
6,7,"7,8,2,5,1,3,6",6,35,42894,9192,12,underfit,6.26265811920166,0.8081083601436099,0.7569117874492042,0.5725765598770708,0.6049451128547974,0.791298378037067,0.5725765598770708,0.5725765598770708,0.5819672131147541,0.5293005671077504,0.5820519450789493,0.8001523063533508,0.718551079077019,0.5802863380330848,0.5988228226197955,0.7828002947730236,0.5802863380330848,0.5802863380330848,0.6923076923076923,0.5132743362831859,0.6298992198067608,0.07730061349693251,0.05142857142857143,0.2006403415154749,0.2064676616915423,0.8193238688591564,0.8198284080076264,0.9109810430680527,0.9029759478189971,0.8885222719773745,0.8757217486939786,,,,,,
6,7,"7,8,2,5,1,3,6",6,36,42894,9192,12,underfit,7.7684032917022705,0.8089942649321583,0.7696406833637882,0.5721641732270725,0.6041395918225073,0.7914828904404279,0.5721641732270725,0.5721641732270725,0.5819672131147541,0.5321361058601134,0.5801590372728247,0.8023281114012184,0.7379967732242576,0.5814216113743227,0.6006448327466816,0.7845163304694438,0.5814216113743227,0.5814216113743227,0.6923076923076923,0.5176991150442478,0.6283709166151633,0.07177914110429448,0.04857142857142857,0.19903948772678762,0.208955223880597,0.8159534266162802,0.8188751191611058,0.9111557613348475,0.9001222992254383,0.8931180768324298,0.8834204014297498,,,,,,
6,7,"7,8,2,5,1,3,6",6,37,42894,9192,3,underfit,3.769742488861084,0.8092507110551592,0.7811747891804733,0.5704046116081258,0.6034832061702137,0.7917658857497165,0.5704046116081258,0.5704046116081258,0.5573770491803278,0.5491493383742911,0.5801075453407398,0.8024369016536118,0.7582660061981186,0.5770024074906407,0.6001812732817282,0.784725871274615,0.5770024074906407,0.5770024074906407,0.6538461538461539,0.5221238938053098,0.6291880866981154,0.07300613496932515,0.05142857142857143,0.18943436499466382,0.2064676616915423,0.8189153304054744,0.819351763584366,0.9163099502052939,0.9070525886669385,0.8886401131275041,0.878746219411603,,,,,,
6,7,"7,8,2,5,1,3,6",6,38,42894,9192,30,underfit,16.87841296195984,0.8098801697207069,0.7740449696386368,0.571617229434452,0.6067768592787921,0.793203526734161,0.571617229434452,0.571617229434452,0.5409836065573771,0.5623818525519849,0.576104699122954,0.8013489991296779,0.7298301628326452,0.5739726913912316,0.5985324845786872,0.7844284206092137,0.5739726913912316,0.5739726913912316,0.6153846153846154,0.5398230088495575,0.6272756022095577,0.08098159509202454,0.054285714285714284,0.19316969050160085,0.2064676616915423,0.8199366765396793,0.8222116301239275,0.9156984362715122,0.9050142682429678,0.8881687485269856,0.8746219411602969,,,,,,
6,7,"7,8,2,5,1,3,6",6,39,42894,9192,27,stagnated,11.38984489440918,0.8106728213736187,0.7894778703481574,0.5793925525580655,0.6109911410883502,0.793004833658117,0.5793925525580655,0.5793925525580655,0.6229508196721312,0.5378071833648393,0.5733853275277773,0.8028720626631853,0.7485355984278372,0.578077857824946,0.5996191509488888,0.7851896503264411,0.578077857824946,0.578077857824946,0.6538461538461539,0.5265486725663717,0.6257761720473918,0.07300613496932515,0.054285714285714284,0.19690501600853788,0.208955223880597,0.8189153304054744,0.8203050524308866,0.910806324801258,0.8980839788014676,0.8953570586848928,0.8845202089634314,,,,,,
7,8,"7,8,2,5,1,3,6,4",4,36,74061,15871,113,underfit,63.18163776397705,0.7072008209448968,0.6923119632414734,0.4345377914820466,0.468850810292699,0.6641054420807123,0.4345377914820466,0.4345377914820466,0.1721311475409836,0.44517958412098296,0.7318617465111013,0.6943481822191419,0.6402626047300324,0.4098062792652541,0.43493728554908295,0.6487175301147589,0.4098062792652541,0.4098062792652541,0.07692307692307693,0.4026548672566372,0.7752058667050786,0.05030674846625767,0.025714285714285714,0.15901814300960512,0.1791044776119403,0.7716270043917883,0.7683508102955195,0.12273958242334236,0.09417040358744394,0.8568819231675702,0.8421776189166896,0.8984181987358424,0.8893546938164396,,,,
7,8,"7,8,2,5,1,3,6,4",4,37,74061,15871,6,underfit,7.947728633880615,0.7071468114122142,0.6802130345488004,0.44721308286596506,0.48459029660847586,0.6786344228311497,0.44721308286596506,0.44721308286596506,0.1885245901639344,0.4678638941398866,0.7307750584014887,0.6887404700396951,0.6333498444655193,0.41966304067033117,0.44748270793711165,0.6583039187900602,0.41966304067033117,0.41966304067033117,0.07692307692307693,0.4424778761061947,0.7746530850347788,0.0558282208588957,0.037142857142857144,0.14941302027748132,0.16666666666666666,0.7782657542641201,0.7745471877979028,0.22084388922861886,0.17448022829188747,0.8578835729436719,0.841077811383008,0.8590817210511118,0.8439886210510555,,,,
7,8,"7,8,2,5,1,3,6,4",4,38,74061,15871,3,underfit,6.127542734146118,0.7070252899636786,0.6947685624399089,0.43964656852812667,0.47170943216557204,0.6643766823721446,0.43964656852812667,0.43964656852812667,0.1885245901639344,0.46880907372400754,0.730325381934914,0.6927729821687354,0.6491180603392303,0.41443171479611096,0.43640541911450514,0.6486127610767419,0.41443171479611096,0.41443171479611096,0.07692307692307693,0.43805309734513276,0.7745403087242032,0.049079754601226995,0.02857142857142857,0.15154749199573106,0.17164179104477612,0.7808191195996323,0.7783603431839847,0.12632130689263563,0.09987770077456176,0.8607117605467829,0.8430024745669508,0.891359450701062,0.8790238059589759,,,,
7,8,"7,8,2,5,1,3,6,4",4,39,74061,15871,1,underfit,5.644925117492676,0.7070522947300198,0.6894392724953722,0.43829517795694894,0.47147922328966974,0.6648314797657013,0.43829517795694894,0.43829517795694894,0.1885245901639344,0.4612476370510397,0.7301736819781293,0.6923949341566379,0.6438193938754091,0.4110439836016467,0.434941354489366,0.648685199969156,0.4110439836016467,0.4110439836016467,0.07692307692307693,0.42035398230088494,0.7744108788172904,0.04969325153374233,0.02857142857142857,0.14941302027748132,0.16417910447761194,0.7784700234909611,0.7735938989513823,0.12789377129378876,0.10273134936812067,0.8573532877680886,0.8416277151498488,0.8937658420765553,0.880371313070819,,,,
7,8,"7,8,2,5,1,3,6,4",4,40,74061,15871,11,underfit,10.150293827056885,0.708794102159031,0.6919445933121144,0.44729827317647275,0.48067951294600025,0.673500141034623,0.44729827317647275,0.44729827317647275,0.1885245901639344,0.500945179584121,0.7296770459880235,0.6930250141768004,0.6564069174887232,0.4186769497723384,0.4436630018299451,0.6559784292958872,0.4186769497723384,0.4186769497723384,0.07692307692307693,0.4469026548672566,0.7737904941717954,0.051533742331288344,0.03428571428571429,0.1520811099252935,0.17164179104477612,0.7764273312225514,0.773117254528122,0.17087446492530795,0.13819812474520995,0.8562337968418572,0.8402529557327467,0.8817659704174287,0.8680940260518042,,,,
7,8,"7,8,2,5,1,3,6,4",4,41,74061,15871,20,underfit,17.8295476436615,0.7091451641214674,0.6913444615902152,0.44033360018204837,0.47343264369183813,0.668826567193506,0.44033360018204837,0.44033360018204837,0.1721311475409836,0.4829867674858223,0.7266504663151486,0.6948522462352719,0.7005347308104583,0.4174365105487541,0.4435894479506244,0.6537602923948108,0.4174365105487541,0.4174365105487541,0.07692307692307693,0.45132743362831856,0.771505577545011,0.05521472392638037,0.03428571428571429,0.1424759871931697,0.16417910447761194,0.7773465427433357,0.773117254528122,0.13951253603564254,0.11740725642070933,0.860358237096394,0.843827330217212,0.8926428594346585,0.8784249139092678,,,,
7,8,"7,8,2,5,1,3,6,4",4,42,74061,15871,16,stagnated,14.422008752822876,0.7109409810831612,0.6953094643983713,0.44189705413593194,0.4787297882141037,0.675302858367727,0.44189705413593194,0.44189705413593194,0.18032786885245902,0.4612476370510397,0.7241676065666531,0.6927729821687354,0.6597279316627523,0.4142282785528158,0.4421954638987519,0.6551488976478498,0.4142282785528158,0.4142282785528158,0.07692307692307693,0.42035398230088494,0.7697833500965415,0.05276073619631902,0.03428571428571429,0.14781216648879403,0.16666666666666666,0.7694821775099582,0.765490943755958,0.17340787979383246,0.1349368120668569,0.8654843271270327,0.8460269452845752,0.8846536400680206,0.8691420871387933,,,,
8,9,"7,8,2,5,1,3,6,4,9",9,37,115271,24701,54,underfit,52.86611461639404,0.8015806230535,0.705140924643061,0.4953696476047529,0.518693817970412,0.7711859954827975,0.4953696476047529,0.4358306497213261,0.1721311475409836,0.47448015122873344,0.5118280650994971,0.7932067527630461,0.7298033207505159,0.4760896911612368,0.4931952150591562,0.7623030042264017,0.4760896911612368,0.41440894332649325,0.07692307692307693,0.4424778761061947,0.5430198237435653,0.049079754601226995,0.03428571428571429,0.15048025613660618,0.16666666666666666,0.7889898886732714,0.7878932316491897,0.09076613959989517,0.07297187117814921,0.8572943671930238,0.8424525708001099,0.9034234927968685,0.8916005390028447,0.971681630672167,0.9695356738391846,,
8,9,"7,8,2,5,1,3,6,4,9",9,38,115271,24701,11,underfit,15.550805568695068,0.802031733913994,0.7029584997870132,0.5016811081725145,0.5299872406605477,0.7790924592657708,0.5016811081725145,0.4429644085479979,0.1885245901639344,0.4782608695652174,0.5097661651741062,0.791465932553338,0.6845977101067556,0.47679766457237804,0.49814839179667536,0.7674636974155719,0.47679766457237804,0.41519125712863647,0.07692307692307693,0.42920353982300885,0.5418793540469818,0.05214723926380368,0.03428571428571429,0.14994663820704376,0.1691542288557214,0.7886834848330099,0.7850333651096282,0.15209225124486764,0.12066856909906237,0.8442729201037003,0.8317294473467143,0.8897872750024064,0.8745321155861656,0.9714147051686484,0.9696489241223103,,
8,9,"7,8,2,5,1,3,6,4,9",9,39,115271,24701,38,underfit,43.67489171028137,0.8049726297160604,0.7028017917252416,0.5044811398001283,0.5377846698762943,0.7874899407161193,0.5044811398001283,0.44583235240375385,0.1721311475409836,0.4867674858223062,0.5042327986414578,0.7920731954171896,0.663879901095088,0.48092324848623796,0.5075501852357843,0.7738458062734224,0.48092324848623796,0.4196626636070404,0.07692307692307693,0.4424778761061947,0.5390881083063845,0.05276073619631902,0.03428571428571429,0.15581643543223053,0.18159203980099503,0.748544581758758,0.7488083889418494,0.21603913689176205,0.1732572360375051,0.8533466886636814,0.836953533131702,0.8812526069239901,0.8630034436292858,0.9736714389711235,0.9710079275198188,,
8,9,"7,8,2,5,1,3,6,4,9",9,40,115271,24701,8,underfit,14.072908878326416,0.8050507065957613,0.7155507680696689,0.4985901137573674,0.5225778977858281,0.77568151344302,0.4985901137573674,0.43929594543639283,0.16393442622950818,0.5075614366729678,0.5031024911908101,0.7949880571636776,0.7109050143944347,0.4764993521292499,0.4964222433977481,0.7660490792098176,0.4764993521292499,0.4147848742031638,0.07692307692307693,0.4424778761061947,0.5382361719373855,0.046012269938650305,0.03142857142857143,0.1520811099252935,0.17412935323383086,0.7683586967623327,0.7612011439466159,0.10081243994059579,0.0892784345699144,0.8615955691727551,0.8446521858674731,0.914011614849039,0.8981883515496332,0.9729434603251638,0.9702151755379388,,
8,9,"7,8,2,5,1,3,6,4,9",9,41,115271,24701,9,underfit,13.98557424545288,0.8052502363994413,0.7114691060350712,0.49943344365154896,0.5279810655626972,0.7785006880074563,0.49943344365154896,0.4401779601914675,0.1721311475409836,0.4943289224952741,0.5023858551181889,0.7950690255455245,0.6564819579718705,0.47669661241069516,0.4979703659471679,0.7680838792482945,0.47669661241069516,0.4149360105928361,0.07692307692307693,0.4424778761061947,0.5385731861111722,0.0558282208588957,0.03428571428571429,0.15048025613660618,0.17164179104477612,0.7621284853436829,0.7592945662535748,0.12055560408840744,0.10110069302894414,0.8519915154371906,0.8339290624140775,0.9139795296306992,0.8998353046863303,0.973477311332201,0.9707814269535674,,
8,9,"7,8,2,5,1,3,6,4,9",9,42,115271,24701,7,underfit,12.92043161392212,0.8057360480953579,0.7118210805981559,0.49988048746894326,0.5245857802472573,0.7746964823537902,0.49988048746894326,0.44048979009147166,0.1721311475409836,0.503780718336484,0.5015119998009798,0.7964454880369216,0.67401642442195,0.47735645779933056,0.4966664684968496,0.7658580957483606,0.47735645779933056,0.4154943049449717,0.07692307692307693,0.4424778761061947,0.5375861003207686,0.05521472392638037,0.04,0.15955176093916756,0.1791044776119403,0.7654989275865591,0.7583412774070544,0.08674761946361492,0.07745617611088464,0.8623615366485977,0.843827330217212,0.9186318862899862,0.9058242251834107,0.9750060664887163,0.9722536806342016,,
8,9,"7,8,2,5,1,3,6,4,9",9,43,115271,24701,12,stagnated,18.746533632278442,0.8059008770636154,0.708343346205025,0.5047181491610496,0.5385208241388817,0.7886706498828737,0.5047181491610496,0.446020123581478,0.1721311475409836,0.46880907372400754,0.5013987108844132,0.7922756163718068,0.6763744382104913,0.47778855667571624,0.5045151808798725,0.7738432822665372,0.47778855667571624,0.41599457246629623,0.07692307692307693,0.415929203539823,0.5381660583815465,0.05276073619631902,0.03428571428571429,0.15848452508004268,0.17164179104477612,0.7472168317842917,0.7430886558627264,0.22643487376605223,0.17651854871585812,0.87108178175819,0.8551003574374485,0.871242018801938,0.8544692319209463,0.974302353797622,0.9721404303510759,,
9,10,"7,8,2,5,1,3,6,4,9,0",0,39,180371,38651,64,underfit,92.87128448486328,0.8155911981416081,0.6821614837511201,0.5024623111249407,0.5168059134207736,0.7970272217404443,0.5024623111249407,0.39008745755739505,0.1721311475409836,0.5415879017013232,0.45320756599971196,0.8095262735763629,0.6963566985960936,0.4809449296415601,0.4930031735413148,0.7900900367717603,0.4809449296415601,0.36319783906944914,0.07692307692307693,0.48672566371681414,0.4771668493049129,0.04723926380368098,0.025714285714285714,0.035218783351120594,0.05223880597014925,0.7563068123787151,0.7559580552907531,0.15287848344544422,0.12474520994700367,0.5319349516851285,0.514434973879571,0.8834023165527641,0.8688426411139392,0.9748604707595244,0.9722536806342016,0.929062980030722,0.9316129032258065
9,10,"7,8,2,5,1,3,6,4,9,0",0,40,180371,38651,26,underfit,44.21169114112854,0.817448481186,0.6943838529304921,0.4954484482713428,0.5148175312427077,0.7991026476231666,0.4954484482713428,0.38030457874402934,0.13114754098360656,0.5217391304347826,0.4494208150785192,0.8088794597811182,0.6915516843231074,0.47221528569227383,0.4862237417340901,0.7896020493845024,0.47221528569227383,0.35143829451411723,0.038461538461538464,0.4690265486725664,0.47448614049934296,0.04539877300613497,0.022857142857142857,0.040021344717182494,0.05472636815920398,0.723623736084159,0.7244995233555768,0.16580763518825894,0.13004484304932734,0.5304619373085081,0.5094858399780039,0.8842365322296019,0.8624045515795777,0.974981800533851,0.9723669309173273,0.9370660522273425,0.9382795698924731
9,10,"7,8,2,5,1,3,6,4,9,0",0,41,180371,38651,17,underfit,32.56652760505676,0.8178310260518598,0.7016321024131287,0.4960379452778982,0.5132820129717285,0.7951676822518151,0.4960379452778982,0.3805033142463204,0.1557377049180328,0.503780718336484,0.4477091305307613,0.8107681560632325,0.6832763635647358,0.47540367034489767,0.4884569020883841,0.7871032116127682,0.47540367034489767,0.3548935184262978,0.07692307692307693,0.45132743362831856,0.4731831022698168,0.04785276073619632,0.022857142857142857,0.040021344717182494,0.05472636815920398,0.7787764273312225,0.7774070543374643,0.10963571241373285,0.08560945780676722,0.5203275983973603,0.4971130052240858,0.8878942471203517,0.8731846084743226,0.9765833535549624,0.9747451868629672,0.9397695852534562,0.9401433691756272
9,10,"7,8,2,5,1,3,6,4,9,0",0,42,180371,38651,6,underfit,21.712246894836426,0.818823425051699,0.7018348585002497,0.4990208705168529,0.5235084330838037,0.8034200007189626,0.4990208705168529,0.38518248753684525,0.1557377049180328,0.45841209829867674,0.44749396145150466,0.8092934206100748,0.6887710796806127,0.4687653853913579,0.486291590477411,0.7926904080481879,0.4687653853913579,0.34741965952286086,0.038461538461538464,0.37610619469026546,0.47292930657600035,0.04785276073619632,0.02,0.033084311632870865,0.05223880597014925,0.7565110816055561,0.7559580552907531,0.20852625141958592,0.16143497757847533,0.5632806976196088,0.538355787737146,0.8580549940642346,0.836801916454559,0.9756612472700801,0.9733861834654587,0.9330875576036867,0.9349103942652329
9,10,"7,8,2,5,1,3,6,4,9,0",0,43,180371,38651,15,underfit,27.797441005706787,0.8194998087275671,0.7215446681609852,0.5007524791417859,0.5223495907806524,0.8032340179924152,0.5007524791417859,0.38708672405308164,0.14754098360655737,0.4829867674858223,0.44574264426307153,0.8096556363354117,0.6834475074831408,0.47661892288842045,0.4943450604677667,0.7922126735966621,0.47661892288842045,0.3569389239296154,0.07692307692307693,0.4247787610619469,0.4721397971284056,0.04969325153374233,0.02,0.03735325506937033,0.05223880597014925,0.7671330814012869,0.7650142993326978,0.19725692321132174,0.15328169588259274,0.5491986801791185,0.5204839153148199,0.8655308499374338,0.8427908369516395,0.9764377578257705,0.9744054360135901,0.9343932411674347,0.9362724014336917
9,10,"7,8,2,5,1,3,6,4,9,0",0,44,180371,38651,11,underfit,26.425069093704224,0.8185462186271629,0.6975774047317873,0.501606033740029,0.5177428214100093,0.7961234253645422,0.501606033740029,0.3879861436844456,0.18032786885245902,0.5151228733459358,0.445433582509699,0.8116478228247652,0.692789623460833,0.4785962844888054,0.49010570185952196,0.7883378644132418,0.4785962844888054,0.35922584327727974,0.07692307692307693,0.46017699115044247,0.4719174344253856,0.050920245398773004,0.022857142857142857,0.04375667022411953,0.06467661691542288,0.7785721581043816,0.778836987607245,0.10002620774001922,0.08194048104362006,0.5463704925760076,0.5158097332966731,0.8887926332338691,0.8725857164246145,0.9759039068187333,0.9731596828992073,0.9362672811059908,0.9389964157706093
9,10,"7,8,2,5,1,3,6,4,9,0",0,45,180371,38651,1,stagnated,11.873809576034546,0.8190618225768,0.7057234226844473,0.49839662487956476,0.5214701981926274,0.7999169428478912,0.49839662487956476,0.3828034692137229,0.1557377049180328,0.4943289224952741,0.4446534550461739,0.8107940286150424,0.6820276078842487,0.4745565956066825,0.49282955090838004,0.7902981609288339,0.4745565956066825,0.3529145976361311,0.07692307692307693,0.4336283185840708,0.4719081156044271,0.05214723926380368,0.022857142857142857,0.04055496264674493,0.05472636815920398,0.7714227351649474,0.7702573879885606,0.17113654232550013,0.1308601712189156,0.5044779637049258,0.4819906516359637,0.8726216831905541,0.8520736637221141,0.9766076195098277,0.9742921857304643,0.9449308755760368,0.9479569892473119
