run_number,seed,run_total_time_seconds,baseline_hidden_units,baseline_time_seconds,baseline_accuracy,baseline_macro_precision,baseline_macro_recall,baseline_macro_f1,baseline_weighted_f1,baseline_balanced_accuracy,baseline_attack_macro_recall,baseline_recall_class_0,baseline_recall_class_1,baseline_recall_class_2,baseline_recall_class_3,baseline_recall_class_4,baseline_recall_class_5,baseline_recall_class_6,baseline_recall_class_7,baseline_recall_class_8,baseline_recall_class_9,baseline_loss,incremental_hidden_units,incremental_time_seconds,incremental_accuracy,incremental_macro_precision,incremental_macro_recall,incremental_macro_f1,incremental_weighted_f1,incremental_balanced_accuracy,incremental_attack_macro_recall,incremental_recall_class_7,incremental_recall_class_8,incremental_recall_class_2,incremental_recall_class_5,incremental_recall_class_1,incremental_recall_class_3,incremental_recall_class_6,incremental_recall_class_4,incremental_recall_class_9,incremental_recall_class_0,incremental_loss,macro_recall_improvement,attack_macro_recall_improvement,macro_f1_improvement,accuracy_improvement
1,42,2434.3194012641907,36,1381.6904554367063,0.8067579105327158,0.6320747975190064,0.4676185112428423,0.4832969898540838,0.7871206392365478,0.4676185112428423,0.3445221396010701,0.9440143369175628,0.7283126787416587,0.0085959885386819,0.154097024052181,0.8510256026351251,0.027431421446384,0.4660434423975804,0.1153846153846153,0.4052863436123348,0.9759936587022988,0.483546698806801,43,1052.6246042251587,0.809267548058265,0.6190439792041773,0.4811342653542897,0.4915012866879493,0.7891579008176588,0.4811342653542897,0.3633604872695635,0.1153846153846153,0.4493392070484581,0.0286532951289398,0.0423940149625935,0.7707340324118208,0.116591928251121,0.5204839153148199,0.8633028896541398,0.9732759596874646,0.9311827956989248,0.4773973313044991,0.0135157541114474,0.0188383476684934,0.0082042968338654,0.0025096375255491
2,43,2507.3642489910126,64,1101.6185085773468,0.8061887143929005,0.6323151786582174,0.4692020366980676,0.4850343750099808,0.7884053738232705,0.4692020366980676,0.3479556199043129,0.9341935483870968,0.7144899904671115,0.0200573065902578,0.1577660008153281,0.8544692319209463,0.027431421446384,0.5031619466593347,0.1538461538461538,0.3524229074889868,0.974181859359076,0.4810746658934322,32,1405.7423334121704,0.8041706553517374,0.6109715559931573,0.4881138914265736,0.5075724257081122,0.7959938537834284,0.4881138914265736,0.373466892287977,0.1153846153846153,0.4185022026431718,0.0286532951289398,0.0498753117206982,0.7407054337464252,0.3090093762739502,0.5416552103381909,0.7839496930678245,0.9722568225569018,0.921146953405018,0.4843317444299942,0.0189118547285059,0.0255112723836641,0.0225380506981313,-0.0020180590411631
3,44,1922.6916508674624,64,1042.2182915210724,0.8076375772942486,0.6773687000045945,0.4720034100164014,0.488067166324593,0.7921137874203767,0.4720034100164014,0.3510695713117466,0.935483870967742,0.7612011439466159,0.0372492836676217,0.198124745209947,0.8258721365473873,0.0299251870324189,0.504811657959857,0.0769230769230769,0.3744493392070485,0.9759936587022988,0.4794247241815136,41,880.4701201915741,0.8062922046001397,0.6455005279022135,0.4894155219849349,0.5058665332335286,0.793672011436163,0.4894155219849349,0.3729683304593036,0.1153846153846153,0.4845814977973568,0.0343839541547277,0.0498753117206982,0.7545281220209723,0.245413779046066,0.4976629089909266,0.8019164545590657,0.9732759596874646,0.9371326164874552,0.480788263100177,0.0174121119685334,0.021898759147557,0.0177993669089355,-0.0013453726941088
4,45,2117.21027803421,64,1103.0502936840055,0.8076634498460583,0.6437673341016519,0.4758023812191134,0.4912203402812084,0.7883575520225415,0.4758023812191134,0.3553528519626869,0.94,0.723069590085796,0.0257879656160458,0.1492050550346514,0.8571642461446324,0.0349127182044887,0.4847401704701677,0.1538461538461538,0.4140969162995594,0.9752009964896388,0.4793348290826743,44,1014.1567938327788,0.8088018421256888,0.6261723299465933,0.4863666561433787,0.5004796491997644,0.7892904110144568,0.4863666561433787,0.3706913285738125,0.1538461538461538,0.4537444933920704,0.0429799426934097,0.0374064837905236,0.7573879885605338,0.1141459437423563,0.5347814132526808,0.8712382093127714,0.9744083342769788,0.9237275985663084,0.4788026035291554,0.0105642749242653,0.0153384766111255,0.0092593089185559,0.0011383922796305
5,46,1811.864590883255,32,937.9283123016356,0.807223616465292,0.6205395090004064,0.4647232202743632,0.4752813590409258,0.7839827871967283,0.4647232202743632,0.3413455875084926,0.9438709677419356,0.7607244995233555,0.0286532951289398,0.0982470444353852,0.8673454109896691,0.0448877805486284,0.4663183942810008,0.0769230769230769,0.3876651982378855,0.972596534933756,0.4858074666445155,54,873.9327802658081,0.8079221753641561,0.6310694428538717,0.4834243445700685,0.5011220095525383,0.7916826353879002,0.4834243445700685,0.3656788301274848,0.1153846153846153,0.4361233480176211,0.0515759312320916,0.0498753117206982,0.7607244995233555,0.1708112515287403,0.5023370910090734,0.8385985926036832,0.9736156720643188,0.9351971326164874,0.4772108807477053,0.0187011242957052,0.0243332426189922,0.0258406505116124,0.0006985588988641
6,47,2043.02397274971,40,1119.0006005764008,0.8088535872293084,0.6148921923224517,0.4663187708227533,0.4770347890959843,0.7867911439781581,0.4663187708227533,0.3439884369805485,0.9377777777777778,0.7259294566253575,0.0085959885386819,0.1161842641663269,0.880221590058392,0.0249376558603491,0.4929887269727798,0.1153846153846153,0.3876651982378855,0.9735024346053676,0.4822126821376278,41,924.0201675891876,0.8058006261157538,0.6102445888412745,0.4816309799117846,0.4989048152387679,0.7925554379319631,0.4816309799117846,0.3650830145357276,0.1153846153846153,0.4008810572687225,0.0229226361031518,0.0498753117206982,0.7602478551000953,0.2111699959233591,0.5367060764366236,0.8234765683485552,0.9740686219001246,0.9215770609318996,0.4813960362671541,0.0153122090890313,0.0210945775551791,0.0218700261427836,-0.0030529611135546
7,48,1942.4114775657647,40,998.011326789856,0.8050761946650798,0.701794351570561,0.4705584575074288,0.4903315742564479,0.7908596761621534,0.4705584575074288,0.3495459578545707,0.934695340501792,0.7640610104861774,0.0200573065902578,0.2238075825519771,0.805659529869741,0.0399002493765586,0.5059114654935386,0.1153846153846153,0.3215859030837004,0.9745215717359302,0.4856132611796969,40,944.3968431949615,0.8059817339784223,0.5876792192515032,0.4875899526267656,0.5014187839489517,0.7911127003355455,0.4875899526267656,0.3714711327629573,0.1538461538461538,0.4581497797356828,0.0401146131805157,0.0374064837905236,0.7578646329837941,0.1948634325315939,0.4976629089909266,0.8318610570444678,0.9731627222285132,0.9309677419354838,0.4800650184220698,0.0170314951193367,0.0219251749083865,0.0110872096925037,0.0009055393133424
8,49,1817.1664416790009,36,917.9670917987823,0.8059558614266125,0.5981467118413848,0.4671302023732432,0.4787526091898954,0.7853972093300817,0.4671302023732432,0.3459324090006699,0.932831541218638,0.763584366062917,0.0143266475644699,0.1247452099470036,0.864650396765983,0.0399002493765586,0.4880395930712125,0.1153846153846153,0.3568281938325991,0.9710112105084362,0.4862412256949753,45,899.1958646774292,0.8101730873716074,0.633127986362795,0.4911116648049279,0.502596958106342,0.7914131794144411,0.4911116648049279,0.3752538387183817,0.1538461538461538,0.5066079295154186,0.0372492836676217,0.0473815461346633,0.7478551000953289,0.1373827965756217,0.504811657959857,0.8668962419523881,0.97689955837391,0.9321863799283154,0.4797954851018975,0.0239814624316846,0.0293214297177117,0.0238443489164466,0.0042172259449949
9,50,2067.878922700882,64,1170.4782400131226,0.8107422835114227,0.6205663521525631,0.4760683267367699,0.487000579646902,0.7920188978259142,0.4760683267367699,0.3577872521621982,0.9232974910394264,0.7592945662535748,0.0171919770773638,0.1202609050142682,0.8680940260518042,0.0598503740648379,0.5598020346439373,0.0769230769230769,0.4008810572687225,0.9750877590306872,0.4765358113367552,33,897.3973362445831,0.8075082145351996,0.6241357065319131,0.4785822058736039,0.4922479592952153,0.7933221737525816,0.4785822058736039,0.3607255737666315,0.0769230769230769,0.4273127753303964,0.0315186246418338,0.0374064837905236,0.7454718779790277,0.1928251121076233,0.5457794885894969,0.8285671507710736,0.9719171101800476,0.928100358422939,0.4812249429979835,0.0025138791368339,0.0029383216044333,0.0052473796483132,-0.0032340689762231
10,51,2075.005086660385,40,1065.059998035431,0.8041189102481178,0.5927825007067927,0.4805916426267759,0.4967646714532804,0.7937316996803719,0.4805916426267759,0.3620469193192944,0.9356989247311828,0.7426120114394662,0.0143266475644699,0.3065633917651855,0.7806557867944303,0.0448877805486284,0.4910640637888369,0.1153846153846153,0.4008810572687225,0.9738421469822216,0.4829238515193704,23,1009.9414801597596,0.8051538123205092,0.6299307067511262,0.4825060799870047,0.4931734993579809,0.7894045201075433,0.4825060799870047,0.3670396870252101,0.1153846153846153,0.4581497797356828,0.0286532951289398,0.0324189526184538,0.7530981887511916,0.1638809620872401,0.5334066538355787,0.851325048659979,0.9701053108368248,0.9186379928315412,0.4886421170274097,0.0019144373602288,0.0049927677059157,-0.0035911720952995,0.0010349020723914
11,52,1857.643872261048,36,1006.6454432010652,0.8051020672168896,0.5727888359001675,0.4709191104203742,0.4825042472310654,0.7883583672015947,0.4709191104203742,0.3506099812174612,0.9318279569892474,0.7564346997140133,0.0114613180515759,0.1630656339176518,0.8339571792184459,0.027431421446384,0.5138850701127303,0.1153846153846153,0.3832599118942731,0.9724832974748048,0.4835187726782807,38,850.9951958656311,0.8049985770096505,0.6159549439188028,0.4880486936213136,0.4981697691042141,0.7882101769842006,0.4880486936213136,0.3731646306907303,0.1538461538461538,0.4933920704845815,0.0286532951289398,0.0299251870324189,0.7569113441372736,0.1500203832042397,0.5270827605169095,0.8454858511753256,0.9731627222285132,0.9220071684587814,0.4843625975558527,0.0171295832009394,0.022554649473269,0.0156655218731486,-0.000103490207239
12,53,1841.0443003177645,32,1013.1955704689026,0.80145403741171,0.5356122903318522,0.4666317541623678,0.4772397874773887,0.7889233289164482,0.4666317541623678,0.3457559497666027,0.9290322580645162,0.7368922783603432,0.0028653295128939,0.2311455360782715,0.8049109148076059,0.0299251870324189,0.5089359362111631,0.0769230769230769,0.3744493392070485,0.971237685426339,0.4894298996667141,37,827.8452477455139,0.8069390183953843,0.6524963718225569,0.4779410487986591,0.4926978304903141,0.7890029785489995,0.4779410487986591,0.361296006340855,0.1153846153846153,0.4052863436123348,0.0315186246418338,0.0423940149625935,0.7540514775977121,0.1231145536078271,0.5479791036568601,0.8706393172630633,0.9724832974748048,0.9165591397849462,0.4828564566642617,0.0113092946362913,0.0155400565742522,0.0154580430129253,0.0054849809836743
13,54,2003.9917182922363,36,1140.6608293056488,0.8061628418410908,0.5978714277088365,0.4751619974575526,0.4906949641958394,0.7922130313868266,0.4751619974575526,0.3576166154428466,0.9189964157706092,0.7473784556720686,0.0315186246418338,0.1797798613942111,0.835903578379997,0.0324189526184538,0.5661259279626065,0.1153846153846153,0.3524229074889868,0.9716906352621448,0.4814348589392893,49,863.3275289535522,0.8066285477736669,0.6281789234252417,0.4984419986916039,0.5182584010232251,0.7962217087933012,0.4984419986916039,0.3860740674622863,0.1923076923076923,0.4405286343612334,0.0429799426934097,0.0448877805486284,0.7588179218303146,0.248675091724419,0.5595270827605169,0.8008683934720766,0.975540708866493,0.9202867383512544,0.4782290509469061,0.0232800012340512,0.0284574520194397,0.0275634368273856,0.0004657059325761
14,55,1864.5175590515137,64,1001.5046417713164,0.806499185014618,0.6090830649364201,0.4745247093714814,0.4916233900129416,0.7936965763160739,0.4745247093714814,0.3555309886382115,0.9273835125448028,0.7183031458531935,0.0200573065902578,0.2258459029759478,0.8243749064231173,0.0349127182044887,0.539730547154248,0.1153846153846153,0.3656387665198238,0.9736156720643188,0.4819953580688639,46,863.0097057819366,0.8087759695738791,0.6316043904368359,0.4858732708364252,0.5008302353667297,0.7932443972580334,0.4858732708364252,0.3698605761133573,0.1153846153846153,0.4493392070484581,0.0372492836676217,0.0448877805486284,0.7569113441372736,0.1695882592743579,0.5446796810558152,0.8408444377900883,0.9728230098516588,0.9270250896057348,0.4807929585639793,0.0113485614649437,0.0143295874751457,0.009206845353788,0.002276784559261
15,56,1965.260117292404,40,1106.6444654464722,0.805412537838607,0.5960635827860155,0.4679029642459987,0.4797237665631675,0.7900536291531712,0.4679029642459987,0.3461880154559693,0.9367025089605736,0.7616777883698761,0.0028653295128939,0.2176926212800652,0.8132954035035185,0.0249376558603491,0.4976629089909266,0.0769230769230769,0.3744493392070485,0.9728230098516588,0.4848370871436923,28,858.6122355461121,0.8059817339784223,0.6264189139023978,0.4763827903722604,0.4936932401939485,0.7902255664973311,0.4763827903722604,0.3563813223110991,0.1153846153846153,0.4052863436123348,0.0372492836676217,0.0349127182044887,0.7535748331744518,0.198124745209947,0.4836403629364861,0.8228776762988471,0.9719171101800476,0.9408602150537636,0.4820934706767661,0.0084798261262616,0.0101933068551298,0.013969473630781,0.0005691961398153
16,57,2084.621073246002,36,1187.6921634674072,0.8047398514915526,0.5886958257452176,0.4752228987592398,0.4883342535556148,0.790616757980906,0.4752228987592398,0.3548686120197778,0.9392114695340502,0.734509056244042,0.0057306590257879,0.2401141459437423,0.807306483006438,0.027431421446384,0.4855650261204289,0.1153846153846153,0.4229074889867841,0.9740686219001246,0.4818506074434097,40,896.9256889820099,0.8046881063879331,0.6346702598495759,0.495302097414509,0.5088847987303435,0.7971876658858181,0.495302097414509,0.3832758843037057,0.1538461538461538,0.4405286343612334,0.0229226361031518,0.0249376558603491,0.7511916110581506,0.3094170403587444,0.5883970305196591,0.7749663123222039,0.9752009964896388,0.9116129032258063,0.4800993728277146,0.0200791986552692,0.0284072722839279,0.0205505451747287,-5.174510361949381e-05
17,58,2065.915785074234,40,1194.3498771190643,0.808905332332928,0.6201598523794294,0.4673573542776674,0.4756074009764142,0.7878780368135159,0.4673573542776674,0.3452777057257145,0.9378494623655914,0.7387988560533841,0.0143266475644699,0.1174072564207093,0.8683934720766582,0.0324189526184538,0.5042617541930162,0.0769230769230769,0.4096916299559471,0.9735024346053676,0.4806269072839561,64,871.5626542568207,0.8060334790820418,0.6575958321322493,0.4889426106083315,0.5063784690593309,0.7933499822651834,0.4889426106083315,0.3739447751286336,0.1153846153846153,0.4493392070484581,0.0659025787965616,0.0423940149625935,0.7607244995233555,0.2103546677537709,0.5232334341490239,0.8242251834106902,0.9740686219001246,0.923799283154122,0.4809028958082846,0.0215852563306641,0.0286670694029191,0.0307710680829166,-0.0028718532508862
18,59,2050.5454573631287,64,1076.92764878273,0.8068614007399549,0.6182698660441239,0.482482150330597,0.4918504258477925,0.7898685922818518,0.482482150330597,0.3668861492779646,0.918494623655914,0.734509056244042,0.0114613180515759,0.1406441092539747,0.8637520586914209,0.0399002493765586,0.55485290074237,0.1538461538461538,0.4361233480176211,0.971237685426339,0.483066839666429,52,973.6143534183502,0.8112338619958086,0.6554961122192602,0.4884521605987862,0.5030026834782726,0.7911419706895815,0.4884521605987862,0.3735231346559584,0.1538461538461538,0.4493392070484581,0.0429799426934097,0.0423940149625935,0.7602478551000953,0.1068079902160619,0.5493538630739621,0.8832160503069322,0.974974521571736,0.9213620071684588,0.4763342963479036,0.0059700102681891,0.0066369853779937,0.0111522576304801,0.0043724612558536
19,60,2124.482508659363,64,1098.130509853363,0.8098108716462705,0.6223067701299855,0.4737163824173372,0.4872785615217346,0.787314713620079,0.4737163824173372,0.3535923250078302,0.9325448028673836,0.7206863679694948,0.0085959885386819,0.0990623726049735,0.8926486000898338,0.0473815461346633,0.5056365136101182,0.1538461538461538,0.4008810572687225,0.9758804212433472,0.4806019489843692,28,1026.3486149311066,0.8049727044578406,0.6164832323774609,0.4682941518610111,0.4833783924999107,0.7857820457635246,0.4682941518610111,0.3469717877234969,0.1153846153846153,0.4052863436123348,0.0229226361031518,0.0199501246882793,0.7273593898951383,0.1516510395434162,0.4696178168820456,0.8636023356789939,0.9722568225569018,0.9349103942652328,0.4853535467127323,-0.0054222305563261,-0.0066205372843332,-0.0039001690218239,-0.0048381671884298
20,61,2062.327596187592,40,1083.3605182170868,0.8036790768673514,0.580360211161679,0.4691046919823153,0.4823303129972734,0.7895454282371146,0.4691046919823153,0.3484163762856082,0.9295340501792114,0.7530981887511916,0.0171919770773638,0.2176926212800652,0.8138942955532266,0.027431421446384,0.5078361286774814,0.1153846153846153,0.3348017621145374,0.974181859359076,0.4861286745508202,51,978.963173866272,0.8045587436288841,0.6193241425546709,0.4939881823135199,0.5069326854462695,0.7957934767963091,0.4939881823135199,0.3797456647125004,0.1153846153846153,0.4757709251101321,0.0372492836676217,0.0399002493765586,0.7578646329837941,0.3224622910721565,0.5185592521308771,0.7707740679742476,0.9747480466538332,0.927168458781362,0.4816707155102515,0.0248834903312045,0.0313292884268922,0.0246023724489959,0.0008796667615327
21,62,1900.9224395751955,64,1042.6898629665377,0.8046104887325037,0.6504469387847054,0.4736712602995312,0.4889009495132148,0.7873398686542789,0.4736712602995312,0.3552411354235485,0.9250179211469534,0.7430886558627264,0.0229226361031518,0.1508357113738279,0.8546189549333733,0.0324189526184538,0.5185592521308771,0.1538461538461538,0.3656387665198238,0.9697655984599706,0.4864945377331311,43,858.2285923957825,0.8074305968797703,0.606755745683621,0.4822077155209718,0.5002603728252314,0.7935959895208089,0.4822077155209718,0.3636162482352971,0.1153846153846153,0.4185022026431718,0.0401146131805157,0.0349127182044887,0.7664442326024785,0.2315532001630656,0.493813582623041,0.8082048210810001,0.9721435850979504,0.9410035842293908,0.4768055636023325,0.0085364552214405,0.0083751128117486,0.0113594233120165,0.0028201081472665
22,63,1904.1901812553408,32,1038.7526524066925,0.8051279397686993,0.5527313541469897,0.4654204762804593,0.4772143710832924,0.7875469966419271,0.4654204762804593,0.3434665654546674,0.9359139784946237,0.7259294566253575,0.0,0.1720342437831227,0.8480311423865848,0.0299251870324189,0.4907891119054166,0.1153846153846153,0.3656387665198238,0.9705582606726304,0.4882183950800645,50,865.4338052272797,0.8030322630721068,0.6373082451826967,0.5005763992155531,0.5159979199652797,0.797022029885537,0.5005763992155531,0.3881446867436079,0.1538461538461538,0.4581497797356828,0.0429799426934097,0.0423940149625935,0.7554814108674929,0.399510803098247,0.5152598295298323,0.7375355592154514,0.9729362473106103,0.9276702508960574,0.4818790369351676,0.0351559229350937,0.0446781212889404,0.0387835488819872,-0.0020956766965924
23,64,1966.7794437408447,36,1104.5975394248962,0.8046363612843135,0.5851052462863378,0.4595669372854902,0.4704165335195046,0.7850476433377434,0.4595669372854902,0.3369263563148137,0.929247311827957,0.7507149666348903,0.0229226361031518,0.1263758662861802,0.8607575984428807,0.0324189526184538,0.5037118504261754,0.0769230769230769,0.3215859030837004,0.9710112105084362,0.4864139617212666,46,862.178279876709,0.8090346950919769,0.6621815323609815,0.4926101027454158,0.5090782027755891,0.7916027338060377,0.4926101027454158,0.377977745916648,0.1923076923076923,0.4625550660792951,0.0401146131805157,0.0473815461346633,0.7492850333651097,0.1426824296779453,0.5320318944184768,0.8574636921694865,0.975540708866493,0.9267383512544805,0.47690423962302,0.0330431654599255,0.0410513896018343,0.0386616692560845,0.0043983338076634
24,65,2014.8357436656952,32,1101.620198726654,0.8064215673591887,0.5963514344375465,0.4728328522649138,0.4897251949900588,0.7895607345911387,0.4728328522649138,0.3519118238475935,0.9410035842293908,0.7521448999046711,0.0057306590257879,0.1826335099877701,0.8279682587213655,0.0324189526184538,0.4949133901567226,0.1538461538461538,0.3656387665198238,0.972030347638999,0.4862591972062943,55,913.2118413448334,0.8093710382655042,0.5911078317971494,0.4939274626142608,0.5059231708095324,0.7944604122804826,0.4939274626142608,0.3787895630143547,0.1538461538461538,0.4757709251101321,0.0343839541547277,0.0448877805486284,0.7783603431839847,0.1903791275988585,0.5317569425350563,0.820931277137296,0.9779186955044727,0.9310394265232976,0.4740595867014132,0.0210946103493469,0.0268777391667611,0.0161979758194735,0.0029494709063154
25,66,2074.604202032089,64,1108.6765656471252,0.8101213422679879,0.6305147571205324,0.4733425290722669,0.4861044395380244,0.7896256701358243,0.4733425290722669,0.3524964622995239,0.9394982078853048,0.7583412774070544,0.0343839541547277,0.1333061557276804,0.8713879323251984,0.0399002493765586,0.4784162771514985,0.0769230769230769,0.4273127753303964,0.9739553844411732,0.4791905503803994,51,965.924102306366,0.8048433416987918,0.6103386299479513,0.4964937015015548,0.5126702873687081,0.7967969136548972,0.4964937015015548,0.3818928117910759,0.1538461538461538,0.4625550660792951,0.0372492836676217,0.0448877805486284,0.7440419447092469,0.3444761516510395,0.5116854550453671,0.7564006587812547,0.9753142339485902,0.9344802867383512,0.4811186342047416,0.0231511724292879,0.029396349491552,0.0265658478306836,-0.0052780005691961
26,67,1870.2285556793213,64,1036.3260300159454,0.8079997930195856,0.5920525423009002,0.4818565833881313,0.4987249016175283,0.7922705523171105,0.4818565833881313,0.3630030721871876,0.9382078853046596,0.7411820781696854,0.0257879656160458,0.2005707297187118,0.8318610570444678,0.0299251870324189,0.4935386307396205,0.1538461538461538,0.4273127753303964,0.976333371079153,0.4812522879923976,57,833.8991239070892,0.8108975188222814,0.6419323580066643,0.4811956025745261,0.4908697223616493,0.7907788706199372,0.4811956025745261,0.3642293339646847,0.0769230769230769,0.4625550660792951,0.0372492836676217,0.0498753117206982,0.7550047664442326,0.0998777007745617,0.5518284300247457,0.880521036083246,0.975540708866493,0.9225806451612903,0.4767186807579422,-0.0006609808136051,0.0012262617774971,-0.007855179255879,0.0028977258026958
27,68,1910.731437921524,36,1006.2743089199066,0.8082585185376834,0.6141773742211157,0.4701109452431971,0.4857513032490431,0.7880676070645245,0.4701109452431971,0.347241078048262,0.94752688172043,0.7254528122020972,0.0200573065902578,0.1593966571545046,0.8564156310824974,0.0224438902743142,0.4558702227110255,0.1153846153846153,0.4229074889867841,0.9756539463254444,0.4791621938889487,46,904.4535758495332,0.8093969108173139,0.6339420373715681,0.4803631725337928,0.4961676612650414,0.7920954987088553,0.4803631725337928,0.3631804740693386,0.1153846153846153,0.4405286343612334,0.0315186246418338,0.0374064837905236,0.7187797902764538,0.1463514064410925,0.5479791036568601,0.8674951340020961,0.972596534933756,0.9255913978494624,0.481525417281099,0.0102522272905957,0.0159393960210765,0.0104163580159983,0.0011383922796305
28,69,2005.6341474056244,36,1054.7192316055298,0.8022043414141937,0.5636694483563723,0.4756572632094824,0.4848159122243277,0.791380557957007,0.4756572632094824,0.3568995392480525,0.928100358422939,0.7488083889418494,0.0057306590257879,0.2731349368120668,0.7833508010181165,0.027431421446384,0.5169095408303547,0.0769230769230769,0.4229074889867841,0.9732759596874646,0.4879619220187323,44,950.9111468791962,0.8067837830845256,0.5989717675504357,0.4801176779687029,0.4973644197337868,0.7941184003071865,0.4801176779687029,0.3610478659332972,0.0769230769230769,0.4140969162995594,0.0372492836676217,0.0523690773067331,0.7569113441372736,0.2498980839788014,0.5026120428924938,0.7983231022608175,0.9750877590306872,0.937706093189964,0.4768131425354737,0.0044604147592205,0.0041483266852446,0.0125485075094591,0.0045794416703318
29,70,1873.1988830566409,64,1021.8528506755828,0.8091640578510259,0.6147049882577634,0.4834676439186305,0.5013419413488709,0.790711155864887,0.4834676439186305,0.3648666339745627,0.9425806451612904,0.7235462345090562,0.0171919770773638,0.1655116184264166,0.8549184009582272,0.0423940149625935,0.4869397855375309,0.1923076923076923,0.4361233480176211,0.9731627222285132,0.4796654980832375,44,851.3425571918488,0.8059817339784223,0.6382087734752064,0.4839382140631222,0.5008515375590029,0.7923969771413888,0.4839382140631222,0.3677571975703511,0.1153846153846153,0.4405286343612334,0.0401146131805157,0.0374064837905236,0.7464251668255482,0.2009783938035059,0.530107231234534,0.8311124419823327,0.9739553844411732,0.9233691756272402,0.4806661356404073,0.0004705701444917,0.0028905635957883,-0.0004904037898679,-0.0031823238726035
30,71,1987.2340681552887,64,1054.2175319194794,0.8060076065302321,0.6479259841609872,0.4756734001704377,0.4916083269014887,0.788527318650411,0.4756734001704377,0.3558131552179804,0.9341218637992832,0.7040038131553861,0.0028653295128939,0.1602119853240929,0.8495283725108549,0.0374064837905236,0.5081110805609018,0.1923076923076923,0.3920704845814978,0.97610689616125,0.482603610155638,38,933.0128695964812,0.8049985770096505,0.6177423480131261,0.4881871677313442,0.5043697215226355,0.7911294534246591,0.4881871677313442,0.371662096088125,0.1538461538461538,0.4625550660792951,0.0315186246418338,0.0349127182044887,0.765490943755958,0.2274765593151243,0.4907891119054166,0.8067075909567301,0.9731627222285132,0.9354121863799284,0.4869893189543836,0.0125137675609064,0.0158489408701446,0.0127613946211467,-0.0010090295205815
31,72,2090.8830211162567,64,1196.5658082962036,0.8083620087449225,0.6740010810831332,0.4794170864566559,0.4968618814715942,0.7913879833912031,0.4794170864566559,0.3605593753153832,0.9356272401433692,0.7516682554814109,0.0143266475644699,0.1785568691398288,0.836352747417278,0.0423940149625935,0.5152598295298323,0.1538461538461538,0.3920704845814978,0.9740686219001246,0.4796873758924612,35,894.3137376308441,0.8098884893016999,0.6500252255942265,0.4858926655769465,0.4998362329305035,0.7890402197520551,0.4858926655769465,0.3696950980909819,0.1538461538461538,0.4537444933920704,0.0401146131805157,0.0473815461346633,0.7550047664442326,0.10069302894415,0.524608193566126,0.8821679892199431,0.9752009964896388,0.9261648745519712,0.4794911289936185,0.0064755791202906,0.0091357227755987,0.0029743514589092,0.0015264805567773
32,73,1775.95508146286,36,921.4669139385225,0.8056712633567049,0.6080234304995988,0.4615220809882377,0.4735465158330633,0.7855728124591536,0.4615220809882377,0.3390857646515617,0.9290322580645162,0.7273593898951383,0.0028653295128939,0.116591928251121,0.8645006737535559,0.0224438902743142,0.5243332416827056,0.1153846153846153,0.3392070484581498,0.9735024346053676,0.4867383497622937,43,854.4846279621124,0.8083620087449225,0.6242662596682792,0.4874417547017889,0.5078701961604359,0.7937991864871923,0.4874417547017889,0.3716158771703581,0.1538461538461538,0.4185022026431718,0.0315186246418338,0.0473815461346633,0.7607244995233555,0.1814105177333876,0.5496288149573825,0.8299146578829166,0.975540708866493,0.9259498207885304,0.4768819763991617,0.0259196737135511,0.0325301125187963,0.0343236803273726,0.0026907453882175
33,74,1993.2317597866056,36,1157.5362684726715,0.8051279397686993,0.6251785144171963,0.4698195055446296,0.481701870476209,0.7895343191114381,0.4698195055446296,0.3495245522943117,0.9291756272401434,0.7459485224022879,0.0257879656160458,0.1850794944965348,0.8335080101811648,0.0224438902743142,0.514434973879571,0.0769230769230769,0.3920704845814978,0.9728230098516588,0.485377655340405,50,835.6920709609985,0.8110010090295205,0.649897601498105,0.492309448674163,0.504892831866963,0.7937772418874505,0.492309448674163,0.3774708914823858,0.1153846153846153,0.4977973568281938,0.0487106017191977,0.0523690773067331,0.7673975214489991,0.1439054219323277,0.5413802584547704,0.8528222787842491,0.9742950968180274,0.9290322580645162,0.4774780887241509,0.0224899431295333,0.0279463391880741,0.0231909613907539,0.0058730692608212
34,75,1961.4986236095428,40,1069.327906370163,0.8085172440557812,0.6235475410078969,0.4806830854334842,0.4937664439099209,0.7888536843762227,0.4806830854334842,0.3619848666467612,0.9375627240143368,0.7445185891325071,0.0315186246418338,0.1316754993885038,0.8607575984428807,0.0498753117206982,0.4951883420401429,0.1153846153846153,0.4669603524229075,0.973389197146416,0.4832084467371192,39,892.1671144962311,0.8072753615689116,0.6285198448032547,0.4849673299517274,0.4944969822924124,0.7883213412193666,0.4849673299517274,0.3686578930639792,0.1538461538461538,0.4889867841409692,0.0286532951289398,0.027431421446384,0.7397521448999047,0.1324908275580921,0.5086609843277426,0.8694415331636473,0.972596534933756,0.9278136200716846,0.4833536454537643,0.0042842445182431,0.006673026417218,0.0007305383824915,-0.0012418824868696
35,76,2076.768426179886,64,1178.3899173736572,0.8073012341207213,0.6504439021158059,0.4841626495836115,0.4989152938218955,0.7895554556474592,0.4841626495836115,0.3658517567502775,0.9394982078853048,0.7368922783603432,0.0315186246418338,0.1565430085609457,0.8403952687528073,0.0498753117206982,0.4951883420401429,0.1538461538461538,0.4625550660792951,0.9753142339485902,0.4810627039570798,46,898.3746528625488,0.8087242244702595,0.6372426217752795,0.4896675974682669,0.510779904343876,0.7939090045942541,0.4896675974682669,0.3739049543796067,0.1923076923076923,0.4405286343612334,0.0343839541547277,0.0349127182044887,0.7311725452812202,0.1850794944965348,0.5339565576024196,0.8388980386285372,0.974181859359076,0.9312544802867384,0.4779739885722702,0.0055049478846553,0.0080531976293292,0.0118646105219805,0.0014229903495381
36,77,1817.214987039566,64,953.7175679206848,0.8054901554940364,0.6788529378349535,0.4850420123803665,0.5021560259126708,0.7940069391640785,0.4850420123803665,0.3677900041567855,0.9336917562724014,0.7626310772163966,0.0286532951289398,0.2657969832857725,0.7826021859559814,0.027431421446384,0.5248831454495463,0.1538461538461538,0.3964757709251101,0.9744083342769788,0.4802543928665083,42,863.4938864707947,0.805774753563944,0.5777426453213612,0.4780904902943276,0.4925057386084885,0.7926434450323964,0.4780904902943276,0.3589520382647175,0.0769230769230769,0.4273127753303964,0.0401146131805157,0.027431421446384,0.7535748331744518,0.2401141459437423,0.4995875721748694,0.8065578679443031,0.9745215717359302,0.9347670250896056,0.4783756507582345,-0.0069515220860388,-0.008837965892068,-0.0096502873041822,0.0002845980699076
37,78,2086.8496000766754,36,1134.1355230808258,0.8031616258311557,0.5892086321986876,0.463478421573743,0.4723174560342108,0.7865342695576438,0.463478421573743,0.3424717776515754,0.9250179211469534,0.7368922783603432,0.014326647564469915,0.15491235222176927,0.8426411139392125,0.02493765586034913,0.5279076161671707,0.07692307692307693,0.36123348017621143,0.9699920733778734,0.490422392168445,48,952.7104179859161,0.8090864401955965,0.6401966724282754,0.4871064996064047,0.49995376571656963,0.789928421833328,0.4871064996064047,0.371232134126696,0.15384615384615385,0.4581497797356828,0.04011461318051576,0.04738154613466334,0.7540514775977121,0.12066856909906237,0.5235083860324443,0.8721365473873335,0.976333371079153,0.9248745519713262,0.4824098147694184,0.023628078032661648,0.028760356475120596,0.027636309682358806,0.005924814364440811
