stage,num_classes,classes,newest_class,hidden_units,train_rows,validation_rows,best_epoch,fit_state,train_time_seconds,train_accuracy,train_macro_precision,train_macro_recall,train_macro_f1,train_weighted_f1,train_balanced_accuracy,train_recall_class_7,train_recall_class_8,train_loss,validation_accuracy,validation_macro_precision,validation_macro_recall,validation_macro_f1,validation_weighted_f1,validation_balanced_accuracy,validation_recall_class_7,validation_recall_class_8,validation_loss,train_recall_class_2,validation_recall_class_2,train_recall_class_5,validation_recall_class_5,train_recall_class_1,validation_recall_class_1,train_recall_class_3,validation_recall_class_3,train_recall_class_6,validation_recall_class_6,train_recall_class_4,validation_recall_class_4,train_recall_class_9,validation_recall_class_9,train_recall_class_0,validation_recall_class_0
1,2,"7,8",8,0,1180,252,200,acceptable,5.679349184036255,0.9771186440677966,0.9875576036866359,0.889344262295082,0.9314884384051816,0.9758392925071626,0.889344262295082,0.7786885245901639,1.0,0.11462797343225803,0.9761904761904762,0.9870689655172413,0.8846153846153846,0.9282323903550408,0.9747936387389586,0.8846153846153846,0.7692307692307693,1.0,0.11549076437950134,,,,,,,,,,,,,,,,
2,3,"7,8,2",2,0,2810,602,200,acceptable,8.642279148101807,0.9181494661921709,0.8597196247894899,0.8585543140957016,0.85633186800621,0.9183435987415911,0.8585543140957016,0.6967213114754098,0.9924385633270322,0.26362806287100304,0.9269102990033222,0.8356624717944058,0.8744957697170087,0.8522477101097546,0.9277579063911167,0.8744957697170087,0.7307692307692307,0.995575221238938,0.25290530093286523,0.8865030674846626,0.8971428571428571,,,,,,,,,,,,,,
3,4,"7,8,2,5",5,0,4684,1004,199,underfit,11.549043655395508,0.6917164816396243,0.7233379938421045,0.7350969092013586,0.7198815473523995,0.6731727138945024,0.7350969092013586,0.7786885245901639,0.996219281663516,0.5545610257644719,0.6304780876494024,0.6696598301250299,0.6924513796862233,0.6759889651508783,0.6142773753524257,0.6924513796862233,0.7692307692307693,0.9911504424778761,0.5637478678824892,0.3815950920245399,0.32285714285714284,0.7838847385272145,0.6865671641791045,,,,,,,,,,,,
3,4,"7,8,2,5",5,1,4684,1004,199,underfit,9.640422105789185,0.6332194705380018,0.5163129577013281,0.5053054477002259,0.41626018473747195,0.5097010431129325,0.5053054477002259,0.0,0.997164461247637,0.716601851249128,0.6354581673306773,0.5134581792476529,0.5078820184790334,0.42497987536606013,0.5206273461344695,0.5078820184790334,0.0,1.0,0.7164759714289965,0.033128834355828224,0.05142857142857143,0.9909284951974386,0.9800995024875622,,,,,,,,,,,,
3,4,"7,8,2,5",5,2,4684,1004,192,underfit,11.126358270645142,0.6989752348420154,0.7207159591267558,0.7486029237623825,0.7271093532939319,0.684372190625254,0.7486029237623825,0.8114754098360656,0.999054820415879,0.5485792223150968,0.6245019920318725,0.6368728649873228,0.7166691268930075,0.6668999366231672,0.60833750413034,0.7166691268930075,0.8846153846153846,1.0,0.5759280490210332,0.41226993865030676,0.32285714285714284,0.7716115261472786,0.6592039800995025,,,,,,,,,,,,
3,4,"7,8,2,5",5,3,4684,1004,196,underfit,10.87473750114441,0.7192570452604612,0.7692279940637887,0.761119633243533,0.7534461380957191,0.702962997302118,0.761119633243533,0.8114754098360656,1.0,0.5025683430705082,0.6543824701195219,0.6980308749501418,0.7178008310097862,0.7008456891512715,0.6386481518149574,0.7178008310097862,0.8076923076923077,1.0,0.5228456061674779,0.40429447852760736,0.33714285714285713,0.8287086446104589,0.7263681592039801,,,,,,,,,,,,
3,4,"7,8,2,5",5,4,4684,1004,13,underfit,1.3641834259033203,0.7175491033304867,0.7649509056444169,0.7600324276336698,0.7511105118164245,0.7011371165372298,0.7600324276336698,0.8114754098360656,1.0,0.5016243652743625,0.6553784860557769,0.7026777072500957,0.7366868951943578,0.7124802436632302,0.6405838745343422,0.7366868951943578,0.8846153846153846,1.0,0.5215570164391718,0.403680981595092,0.3457142857142857,0.8249733191035219,0.7164179104477612,,,,,,,,,,,,
3,4,"7,8,2,5",5,5,4684,1004,62,underfit,3.851346492767334,0.7201110162254484,0.766103091522417,0.7665831391546544,0.758497709075795,0.7076883325396572,0.7665831391546544,0.8278688524590164,1.0,0.49611683791768946,0.647410358565737,0.6972130664002978,0.7322661418183807,0.709708741559353,0.6358253564162021,0.7322661418183807,0.8846153846153846,1.0,0.5186088429504182,0.43803680981595094,0.3628571428571429,0.80042689434365,0.681592039800995,,,,,,,,,,,,
3,4,"7,8,2,5",5,6,4684,1004,17,underfit,1.2849652767181396,0.7207514944491887,0.7675949051496904,0.76750256612102,0.7611470993717562,0.7100042392263279,0.76750256612102,0.8278688524590164,1.0,0.49483073007134065,0.6454183266932271,0.7023676497044642,0.7312995462249193,0.7129065858848691,0.635130520583391,0.7312995462249193,0.8846153846153846,1.0,0.5178221404789929,0.4539877300613497,0.37142857142857144,0.7881536819637139,0.6691542288557214,,,,,,,,,,,,
3,4,"7,8,2,5",5,7,4684,1004,7,underfit,1.0867207050323486,0.7222459436379163,0.7706786199090846,0.76859615550366,0.7634399233915621,0.7119452617793257,0.76859615550366,0.8278688524590164,1.0,0.49433342602189845,0.6454183266932271,0.7007481343847246,0.7223060521567984,0.7079141826160888,0.6352047959281703,0.7223060521567984,0.8461538461538461,1.0,0.5175582445950148,0.4588957055214724,0.37142857142857144,0.7876200640341515,0.6716417910447762,,,,,,,,,,,,
3,4,"7,8,2,5",5,8,4684,1004,11,underfit,0.9341845512390137,0.7216054654141759,0.7688538298888701,0.7677566075402473,0.7609458458671027,0.7098895925339546,0.7677566075402473,0.8278688524590164,1.0,0.49381515320094604,0.6414342629482072,0.6992331475915531,0.7284424033677764,0.7096257655867637,0.6304114147282848,0.7284424033677764,0.8846153846153846,1.0,0.5163160246681882,0.44539877300613495,0.36,0.7977588046958378,0.6691542288557214,,,,,,,,,,,,
3,4,"7,8,2,5",5,9,4684,1004,3,underfit,0.6706807613372803,0.7181895815542272,0.7637007415792904,0.7700740700112305,0.7652901303930932,0.7131312524132397,0.7700740700112305,0.8360655737704918,1.0,0.49388430990997695,0.6434262948207171,0.7026477106071856,0.7317188781367886,0.7155675277921305,0.6378107761587174,0.7317188781367886,0.8846153846153846,1.0,0.5168499362421226,0.5233128834355828,0.4228571428571429,0.7209178228388474,0.6194029850746269,,,,,,,,,,,,
3,4,"7,8,2,5",5,10,4684,1004,15,stagnated,1.2641983032226562,0.7192570452604612,0.766047187468955,0.768625619070323,0.7653814532635784,0.7138079981703156,0.768625619070323,0.8278688524590164,1.0,0.49268638822993693,0.6434262948207171,0.7024561126395992,0.7315340878027445,0.7152070470279248,0.637407997402657,0.7315340878027445,0.8846153846153846,1.0,0.5168541619977153,0.5171779141104295,0.41714285714285715,0.7294557097118464,0.6243781094527363,,,,,,,,,,,,
4,5,"7,8,2,5,1",1,4,14475,3102,200,underfit,25.141594409942627,0.7755440414507772,0.6964248918705551,0.48112099904593003,0.538796014277941,0.7498799322778237,0.48112099904593003,0.18032786885245902,0.5765595463137996,0.5005952130656992,0.7530625402965828,0.7137028529594446,0.4400108587212664,0.4842790027542586,0.726937057284633,0.4400108587212664,0.07692307692307693,0.5619469026548672,0.523101855965294,0.23987730061349694,0.2057142857142857,0.4535752401280683,0.417910447761194,0.9552650393218262,0.9375595805529076,,,,,,,,,,
4,5,"7,8,2,5,1",1,5,14475,3102,97,underfit,13.284083843231201,0.7810708117443869,0.6912098036855854,0.5062249676232812,0.5545601370047625,0.7557391038465736,0.5062249676232812,0.22950819672131148,0.611531190926276,0.4831225011303429,0.7569310122501612,0.6622847345992984,0.4645827393164751,0.5010953030521469,0.732076922109982,0.4645827393164751,0.11538461538461539,0.6238938053097345,0.5069018811045117,0.19386503067484662,0.15714285714285714,0.5474919957310566,0.4975124378109453,0.9487284240629149,0.9289799809342231,,,,,,,,,,
4,5,"7,8,2,5,1",1,6,14475,3102,34,underfit,5.400198936462402,0.7824525043177893,0.6980621738137963,0.5119149136510737,0.5677726124659492,0.7596707913870631,0.5119149136510737,0.2540983606557377,0.611531190926276,0.47949718038035183,0.7553191489361702,0.643789744570842,0.45600912387718795,0.49197651471112025,0.7328184216438803,0.45600912387718795,0.07692307692307693,0.6238938053097345,0.5039160343464693,0.24662576687116564,0.2,0.4957310565635005,0.4502487562189055,0.9515881932386886,0.9289799809342231,,,,,,,,,,
4,5,"7,8,2,5,1",1,7,14475,3102,38,underfit,6.256029844284058,0.7833506044905009,0.7016075533480962,0.5215301676636169,0.5809800417494716,0.7614743570261281,0.5215301676636169,0.29508196721311475,0.6275992438563327,0.4754832658701816,0.7601547388781431,0.6746888239477775,0.4757115762236224,0.5226309356617758,0.7386063356472327,0.4757115762236224,0.15384615384615385,0.6460176991150443,0.5003182779658925,0.2907975460122699,0.22857142857142856,0.4402347918890075,0.4154228855721393,0.9539372893473598,0.9346997140133461,,,,,,,,,,
4,5,"7,8,2,5,1",1,8,14475,3102,27,underfit,4.519891977310181,0.7841105354058722,0.7172567679902826,0.5294144969168079,0.5843968685915868,0.7609663895223169,0.5294144969168079,0.319672131147541,0.6323251417769377,0.47250281896410007,0.7604771115409413,0.6507073138592652,0.48055360365664335,0.5202410573668386,0.7377893254798567,0.48055360365664335,0.15384615384615385,0.6548672566371682,0.4982623005973993,0.22024539877300614,0.18,0.5250800426894343,0.48507462686567165,0.9497497701971198,0.9289799809342231,,,,,,,,,,
4,5,"7,8,2,5,1",1,9,14475,3102,8,underfit,1.8324944972991943,0.7861139896373057,0.7270874521070758,0.5440582094882725,0.6072174806163273,0.7632516028233894,0.5440582094882725,0.4098360655737705,0.6370510396975425,0.4719283534578709,0.7614442295293359,0.6433388163407144,0.48491137640795073,0.5321020267305492,0.7391780106743461,0.48491137640795073,0.19230769230769232,0.6637168141592921,0.4979145576460449,0.2822085889570552,0.23142857142857143,0.43276414087513343,0.40049751243781095,0.9584312123378613,0.936606291706387,,,,,,,,,,
4,5,"7,8,2,5,1",1,10,14475,3102,16,underfit,3.098088264465332,0.7859067357512953,0.716095380582635,0.5332246658707201,0.590344028052495,0.7649942722000428,0.5332246658707201,0.3114754098360656,0.6493383742911153,0.47010121132219806,0.7601547388781431,0.6320382756037476,0.4743606036905573,0.5115009212482824,0.7394102270008285,0.4743606036905573,0.11538461538461539,0.668141592920354,0.4974872282364536,0.26196319018404907,0.20857142857142857,0.4935965848452508,0.4502487562189055,0.9497497701971198,0.9294566253574833,,,,,,,,,,
4,5,"7,8,2,5,1",1,11,14475,3102,26,underfit,4.682932138442993,0.7856303972366149,0.7332318485562133,0.5438217725430663,0.6089560506455055,0.7611939758309046,0.5438217725430663,0.4262295081967213,0.6417769376181475,0.46853812102826764,0.7617666021921341,0.6771446610713757,0.49779939435999265,0.5525473926758357,0.7381398255099333,0.49779939435999265,0.2692307692307692,0.672566371681416,0.4954838273142477,0.29754601226993865,0.24857142857142858,0.3911419423692636,0.3582089552238806,0.9624144622612604,0.940419447092469,,,,,,,,,,
4,5,"7,8,2,5,1",1,12,14475,3102,4,underfit,1.2731449604034424,0.7874956822107081,0.7277713990049792,0.5463826760869479,0.6078563510665604,0.7671926662687036,0.5463826760869479,0.3770491803278688,0.6502835538752363,0.4673972913144166,0.7595099935525468,0.6788310709116406,0.48882259807964645,0.536488678128776,0.7403076106106925,0.48882259807964645,0.19230769230769232,0.668141592920354,0.4961572035445774,0.2950920245398773,0.2342857142857143,0.4567769477054429,0.42039800995024873,0.952711673986314,0.9289799809342231,,,,,,,,,,
4,5,"7,8,2,5,1",1,13,14475,3102,7,underfit,1.9812004566192627,0.7882556131260795,0.72697843278701,0.5696638377876283,0.6202576016619824,0.7704036551214365,0.5696638377876283,0.4426229508196721,0.6521739130434783,0.4665632292849618,0.7604771115409413,0.6677159260218629,0.5145141157279588,0.556155824587288,0.7441461928725842,0.5145141157279588,0.2692307692307692,0.672566371681416,0.49552793060096134,0.2460122699386503,0.19428571428571428,0.567769477054429,0.5199004975124378,0.9397405780819119,0.9165872259294566,,,,,,,,,,
4,5,"7,8,2,5,1",1,14,14475,3102,9,underfit,2.481529951095581,0.7873575129533679,0.7254075318066792,0.5687935559860702,0.6231469448063502,0.7671963024269992,0.5687935559860702,0.48360655737704916,0.6474480151228733,0.4660708479889522,0.7627337201805287,0.6744422121422141,0.5163108569925657,0.5644100196156572,0.7440379952738984,0.5163108569925657,0.3076923076923077,0.672566371681416,0.49466700900915284,0.2558282208588957,0.20857142857142857,0.5090715048025614,0.4651741293532338,0.9480134817689715,0.9275500476644424,,,,,,,,,,
4,5,"7,8,2,5,1",1,15,14475,3102,18,underfit,3.3977837562561035,0.7883246977547496,0.7271500301994119,0.5783480766346966,0.6273584860260749,0.7680119888672184,0.5783480766346966,0.5163934426229508,0.6483931947069943,0.46456509725623385,0.7604771115409413,0.6758420705566774,0.5229774719582572,0.5687851538376907,0.7413385700404125,0.5229774719582572,0.34615384615384615,0.672566371681416,0.49456379055823146,0.23067484662576687,0.18285714285714286,0.5512273212379936,0.4900497512437811,0.9450515779797773,0.9232602478551001,,,,,,,,,,
4,5,"7,8,2,5,1",1,16,14475,3102,1,underfit,1.0262885093688965,0.7876338514680483,0.7322366551999171,0.5629260636311381,0.6239003892228145,0.7655892927960073,0.5629260636311381,0.4918032786885246,0.6351606805293005,0.4648486116224826,0.7601547388781431,0.6773131911290948,0.512833142200553,0.5667157683418397,0.7387185753968325,0.512833142200553,0.34615384615384615,0.6637168141592921,0.4944892897289234,0.2846625766871166,0.22857142857142856,0.44610458911419426,0.39054726368159204,0.956899193136554,0.9351763584366063,,,,,,,,,,
4,5,"7,8,2,5,1",1,17,14475,3102,11,underfit,2.2581231594085693,0.7874956822107081,0.7346623218060191,0.55981386059952,0.6218687645568406,0.7626939281815212,0.55981386059952,0.5,0.6483931947069943,0.46419526679528195,0.7620889748549323,0.6823220921351425,0.5123760925335692,0.5679617502293415,0.7382652116274501,0.5123760925335692,0.34615384615384615,0.6769911504424779,0.49408571526821315,0.2889570552147239,0.23714285714285716,0.39807897545357523,0.36069651741293535,0.9636400776223062,0.9408960915157293,,,,,,,,,,
4,5,"7,8,2,5,1",1,18,14475,3102,8,underfit,2.052902936935425,0.7881174438687392,0.7284053829866094,0.5745785631238466,0.6238759848387416,0.7661625290290495,0.5745785631238466,0.5081967213114754,0.6550094517958412,0.46321964268033783,0.7640232108317214,0.6842904530032845,0.5268118940840271,0.5726847028981227,0.7436866698343606,0.5268118940840271,0.34615384615384615,0.6814159292035398,0.4940200510100347,0.21779141104294478,0.18285714285714286,0.544290288153682,0.4975124378109453,0.9476049433152895,0.9261201143946616,,,,,,,,,,
4,5,"7,8,2,5,1",1,19,14475,3102,7,stagnated,2.2208948135375977,0.7883246977547496,0.7319783600401596,0.5818528931630169,0.6308315024483038,0.7673609155472162,0.5818528931630169,0.5409836065573771,0.6483931947069943,0.46246847937555924,0.7640232108317214,0.6867085241946993,0.535227980236758,0.5810495757952642,0.744575137664474,0.535227980236758,0.38461538461538464,0.6769911504424779,0.49394792199211685,0.22515337423312884,0.18285714285714286,0.5485592315901814,0.5074626865671642,0.9461750587274027,0.9242135367016205,,,,,,,,,,
5,6,"7,8,2,5,1,3",3,19,25922,5555,64,underfit,16.333345890045166,0.7760975233392485,0.6612500296066602,0.48282258564518354,0.5160357296356967,0.7458856140469119,0.48282258564518354,0.22950819672131148,0.6058601134215501,0.6677116098461692,0.7715571557155716,0.6159080686310917,0.46648303620198234,0.4933365924334159,0.7406589495472613,0.46648303620198234,0.15384615384615385,0.6238938053097345,0.6954559944429235,0.08220858895705521,0.06285714285714286,0.20437566702241194,0.1890547263681592,0.8370952915943213,0.836510962821735,0.9378876561544509,0.9327354260089686,,,,,,,,
5,6,"7,8,2,5,1,3",3,20,25922,5555,42,underfit,9.71101975440979,0.7800324049070287,0.6837898146188105,0.5025807056133813,0.5424150449072888,0.7534226280053464,0.5025807056133813,0.28688524590163933,0.6124763705103969,0.659308155035864,0.7728172817281728,0.6295589047407736,0.47301269900831566,0.5027377839493503,0.7446546919147635,0.47301269900831566,0.15384615384615385,0.6283185840707964,0.6903138622950048,0.1165644171779141,0.07142857142857142,0.22518676627534684,0.21890547263681592,0.8370952915943213,0.836510962821735,0.9372761422206691,0.9290664492458215,,,,,,,,
5,6,"7,8,2,5,1,3",3,21,25922,5555,34,underfit,8.48395323753357,0.78103541393411,0.6981786582654017,0.5145046676738575,0.5556014425814605,0.754689582589582,0.5145046676738575,0.3442622950819672,0.6238185255198487,0.6542121584184946,0.772997299729973,0.5933588694477092,0.4764282385860045,0.5008021352823886,0.745485520497498,0.4764282385860045,0.15384615384615385,0.6504424778761062,0.6876415514495328,0.11288343558282209,0.07142857142857142,0.23159018143009605,0.21890547263681592,0.8371974262077418,0.836510962821735,0.9372761422206691,0.9274357929066449,,,,,,,,
5,6,"7,8,2,5,1,3",3,22,25922,5555,16,underfit,4.852199554443359,0.7822698865828254,0.7262387155632063,0.5181878129714192,0.5591255659755657,0.7534608064246517,0.5181878129714192,0.38524590163934425,0.6247637051039697,0.6526007401465854,0.771917191719172,0.5803299971634295,0.47040018259178834,0.4915797163450046,0.7421744229134816,0.47040018259178834,0.15384615384615385,0.6327433628318584,0.6870561142100824,0.0834355828220859,0.04857142857142857,0.23532550693703308,0.22139303482587064,0.8374016954345828,0.8355576739752145,0.9429544858915,0.9302894415002039,,,,,,,,
5,6,"7,8,2,5,1,3",3,23,25922,5555,15,underfit,5.018440246582031,0.7830028547180001,0.71066419403372,0.5300677382728337,0.5713573627727332,0.7573347499145808,0.5300677382728337,0.4098360655737705,0.6417769376181475,0.6503937249473929,0.7744374437443744,0.6055089525848306,0.4985543975914715,0.5227919698815938,0.7474481346528364,0.4985543975914715,0.2692307692307692,0.6637168141592921,0.6859906869252237,0.11779141104294479,0.06571428571428571,0.23585912486659552,0.22885572139303484,0.8369931569809008,0.8355576739752145,0.9381497335546432,0.9282511210762332,,,,,,,,
5,6,"7,8,2,5,1,3",3,24,25922,5555,2,underfit,2.5217864513397217,0.7838515546639919,0.7129162303346014,0.5443116940260223,0.5835350546006852,0.7588487236631363,0.5443116940260223,0.48360655737704916,0.6455576559546313,0.6501829032406433,0.7751575157515752,0.6280200935562633,0.5305993324066359,0.5531979185612387,0.7487085237692984,0.5305993324066359,0.46153846153846156,0.6637168141592921,0.6858791227709807,0.1245398773006135,0.06857142857142857,0.23745997865528282,0.2263681592039801,0.8369931569809008,0.8355576739752145,0.9377129378876562,0.9278434569914391,,,,,,,,
5,6,"7,8,2,5,1,3",3,25,25922,5555,7,underfit,2.747966766357422,0.7840830182856261,0.7185388950808314,0.5453674605089128,0.5826023032806251,0.7579584931324058,0.5453674605089128,0.5,0.6427221172022685,0.6498150867809163,0.7756975697569757,0.6373140899545876,0.5373689329731711,0.5585668783448338,0.7485927576347966,0.5373689329731711,0.5,0.6637168141592921,0.685470042080626,0.10184049079754601,0.06285714285714286,0.2513340448239061,0.23383084577114427,0.8371974262077418,0.8355576739752145,0.9391106840220145,0.9282511210762332,,,,,,,,
5,6,"7,8,2,5,1,3",3,26,25922,5555,1,underfit,2.289707660675049,0.7834657819612684,0.7166640166962849,0.5260573866790142,0.5674108883130662,0.7572975588261822,0.5260573866790142,0.38524590163934425,0.6408317580340265,0.649368317772343,0.7744374437443744,0.6092417537569258,0.49897752959212416,0.5224656662812718,0.746692549631426,0.49897752959212416,0.2692307692307692,0.668141592920354,0.6855891723229368,0.10797546012269939,0.054285714285714284,0.24599786552828176,0.23880597014925373,0.8370952915943213,0.8355576739752145,0.9391980431554119,0.9278434569914391,,,,,,,,
5,6,"7,8,2,5,1,3",3,27,25922,5555,27,underfit,6.783975124359131,0.7847388318802562,0.7176704915392066,0.5590754208749993,0.5949910673920144,0.7599508079812494,0.5590754208749993,0.5737704918032787,0.6408317580340265,0.646780907404146,0.7765976597659766,0.648269069642292,0.5589994293991788,0.5773902788467531,0.7512234707242186,0.5589994293991788,0.6153846153846154,0.668141592920354,0.6835353580924651,0.13374233128834356,0.08857142857142856,0.22998932764140875,0.21890547263681592,0.8370952915943213,0.8355576739752145,0.9390233248886171,0.9274357929066449,,,,,,,,
5,6,"7,8,2,5,1,3",3,28,25922,5555,25,underfit,7.701454401016235,0.7852789136640691,0.7327278040247603,0.5414627713822749,0.5839906858154916,0.7587739253591181,0.5414627713822749,0.48360655737704916,0.6379962192816635,0.6436395852730034,0.7751575157515752,0.6235859211912237,0.5055767325061832,0.5323160264008655,0.748102686021229,0.5055767325061832,0.3076923076923077,0.6637168141592921,0.6828620222320866,0.11288343558282209,0.06857142857142857,0.23319103521878334,0.22885572139303484,0.8377080992748442,0.8355576739752145,0.943391281558487,0.9290664492458215,,,,,,,,
5,6,"7,8,2,5,1,3",3,29,25922,5555,4,underfit,2.6097967624664307,0.7857804181776098,0.7268408865596064,0.5552844631734556,0.5961478778696009,0.761092907995738,0.5552844631734556,0.5409836065573771,0.6427221172022685,0.6427004010568255,0.7762376237623763,0.640237861506938,0.5326021658170235,0.5590379004540525,0.7504924256519748,0.5326021658170235,0.46153846153846156,0.6592920353982301,0.6826915240201942,0.12822085889570553,0.07714285714285714,0.24226254002134473,0.23383084577114427,0.8377080992748442,0.8355576739752145,0.9398095570891937,0.9282511210762332,,,,,,,,
5,6,"7,8,2,5,1,3",3,30,25922,5555,15,underfit,5.958443880081177,0.7861661908803333,0.7260514579155358,0.5583347218017524,0.5985855463200155,0.7620117481375899,0.5583347218017524,0.5491803278688525,0.6455576559546313,0.6416347910202485,0.7764176417641764,0.643105717572655,0.5397435381180059,0.5643582161706858,0.7509118947981653,0.5397435381180059,0.5,0.6637168141592921,0.6816059825122088,0.13558282208588956,0.08,0.24279615795090714,0.23134328358208955,0.8376059646614238,0.8355576739752145,0.9392854022888093,0.9278434569914391,,,,,,,,
5,6,"7,8,2,5,1,3",3,31,25922,5555,4,underfit,3.1474428176879883,0.7860890363397885,0.7401136302318382,0.5518195896608593,0.5922167714738206,0.7592131341826591,0.5518195896608593,0.5409836065573771,0.6465028355387523,0.6408495108761746,0.7764176417641764,0.6438322620916233,0.5321764863357074,0.5573037734170826,0.7497001278156346,0.5321764863357074,0.46153846153846156,0.6637168141592921,0.6810543213633135,0.10797546012269939,0.07142857142857142,0.23319103521878334,0.23134328358208955,0.8379123685016853,0.8355576739752145,0.9443522320258583,0.9294741133306156,,,,,,,,
5,6,"7,8,2,5,1,3",3,32,25922,5555,13,underfit,4.6315717697143555,0.7860890363397885,0.7430638162319848,0.5473490606583679,0.5887926998947762,0.7598114630033295,0.5473490606583679,0.5,0.6436672967863895,0.6399426341571886,0.7751575157515752,0.61870913079066,0.5057394411275135,0.529365256235281,0.7471063946190736,0.5057394411275135,0.3076923076923077,0.6592920353982301,0.6811466631215505,0.09570552147239264,0.04285714285714286,0.26520811099252933,0.26119402985074625,0.8382187723419466,0.8355576739752145,0.9412946623569495,0.9278434569914391,,,,,,,,
5,6,"7,8,2,5,1,3",3,33,25922,5555,9,stagnated,3.5781047344207764,0.7862047681506057,0.7333972914631804,0.548480616052118,0.5930849366443627,0.7614601663846207,0.548480616052118,0.5,0.6398865784499055,0.6384720123574815,0.7747974797479747,0.6288061846167787,0.5169334048561489,0.5444804060979699,0.7486245395799394,0.5169334048561489,0.38461538461538464,0.6504424778761062,0.6807882328166498,0.1312883435582822,0.07428571428571429,0.2406616862326574,0.22885572139303484,0.8380145031151057,0.8355576739752145,0.9410325849567572,0.9278434569914391,,,,,,,,
6,7,"7,8,2,5,1,3,6",6,27,42894,9192,156,underfit,56.93962526321411,0.8053107660745092,0.7499175867681389,0.5564450596506322,0.5886696265716337,0.7874209938625313,0.5564450596506322,0.5163934426229508,0.503780718336484,0.5934968609579094,0.797976501305483,0.690771211319521,0.5404091054595751,0.5705087646039387,0.7803534843485302,0.5404091054595751,0.4230769230769231,0.5132743362831859,0.6298382892309842,0.0687116564417178,0.04285714285714286,0.19156883671291355,0.208955223880597,0.8160555612297008,0.8188751191611058,0.9122040709356163,0.9017529555646148,0.8864011312750413,0.8740720373934562,,,,,,
6,7,"7,8,2,5,1,3,6",6,28,42894,9192,8,underfit,5.170497417449951,0.8058003450366018,0.7674992675920608,0.5689764320118398,0.5958473343605569,0.7875994212875134,0.5689764320118398,0.5983606557377049,0.5122873345935728,0.5929826098249449,0.8005874673629243,0.735676557201138,0.5609259143923583,0.5904025105149476,0.7832154946191296,0.5609259143923583,0.5384615384615384,0.5221238938053098,0.6301855947579167,0.06257668711656442,0.054285714285714284,0.19583778014941303,0.21393034825870647,0.8159534266162802,0.819351763584366,0.9088844238665152,0.89930697105585,0.8889347160028281,0.8790211712950233,,,,,,
6,7,"7,8,2,5,1,3,6",6,29,42894,9192,8,underfit,5.3451011180877686,0.8063132372826036,0.7669252772146545,0.5674347361970444,0.5931876020725123,0.7883318943617175,0.5674347361970444,0.5491803278688525,0.553875236294896,0.5907534179267513,0.7989556135770235,0.7100447901679515,0.5461851002351968,0.5719184096384434,0.7811992158427791,0.5461851002351968,0.4230769230769231,0.5530973451327433,0.6283984502779079,0.05889570552147239,0.037142857142857144,0.1937033084311633,0.21393034825870647,0.8207537534470432,0.8226882745471878,0.9117672752686293,0.9009376273950265,0.8838675465472543,0.8724223260929337,,,,,,
6,7,"7,8,2,5,1,3,6",6,30,42894,9192,4,underfit,4.18585729598999,0.8061966708630578,0.7384200862842987,0.5658923249354121,0.5981329393913718,0.7898490327266097,0.5658923249354121,0.5327868852459017,0.5302457466918714,0.5898703614298201,0.7980852915578764,0.6815708918852634,0.5444439179378003,0.5751769439624133,0.7815567145912998,0.5444439179378003,0.4230769230769231,0.5353982300884956,0.6279609328876691,0.08098159509202454,0.045714285714285714,0.20544290288153683,0.21393034825870647,0.8173833112041671,0.821258341277407,0.9085349873329257,0.89930697105585,0.8858708460994579,0.8724223260929337,,,,,,
6,7,"7,8,2,5,1,3,6",6,31,42894,9192,7,underfit,6.047659397125244,0.8065230568377861,0.7496406588158039,0.5688554703433478,0.595647351613486,0.7890414247268918,0.5688554703433478,0.5737704918032787,0.5302457466918714,0.5894373113299637,0.7992819843342036,0.6951755723385187,0.5596881510066521,0.5852040260609914,0.7817491079959403,0.5596881510066521,0.5384615384615384,0.5353982300884956,0.6278155090188441,0.0656441717791411,0.03428571428571429,0.19477054429028814,0.21144278606965175,0.8197324073128384,0.8226882745471878,0.9134270988031798,0.9025682837342031,0.8843978317228376,0.8729722298597745,,,,,,
6,7,"7,8,2,5,1,3,6",6,32,42894,9192,27,underfit,10.593668460845947,0.8076420944654265,0.7377708947938225,0.5687332317426559,0.5981767671614951,0.7910818129025345,0.5687332317426559,0.5573770491803278,0.5274102079395085,0.5843369760212934,0.7994995648389904,0.6968771544882572,0.5647421255193518,0.5935980008297956,0.7828421717481765,0.5647421255193518,0.5769230769230769,0.5221238938053098,0.6255401500522624,0.08466257668711656,0.04857142857142857,0.192102454642476,0.2064676616915423,0.8207537534470432,0.8241182078169685,0.9134270988031798,0.9025682837342031,0.8853994814989394,0.8724223260929337,,,,,,
6,7,"7,8,2,5,1,3,6",6,33,42894,9192,8,underfit,5.821974277496338,0.8082249265631557,0.7557375012097199,0.5723148770477202,0.5992586652491412,0.7908756078550181,0.5723148770477202,0.5655737704918032,0.558601134215501,0.583174898415205,0.8011314186248912,0.7217168665023582,0.5697643295514315,0.5970575593165773,0.7839796397648984,0.5697643295514315,0.5769230769230769,0.5530973451327433,0.6244622572180082,0.07423312883435583,0.05142857142857143,0.18676627534685167,0.2064676616915423,0.8216729649678276,0.8236415633937083,0.9134270988031798,0.9013452914798207,0.8859297666745227,0.8754467968105581,,,,,,
6,7,"7,8,2,5,1,3,6",6,34,42894,9192,11,stagnated,6.147001266479492,0.8084813726861566,0.7582548362766168,0.5730926149232075,0.6007340094886892,0.79133053913234,0.5730926149232075,0.5737704918032787,0.5425330812854442,0.5822709109442226,0.8014577893820714,0.7264432185670376,0.5647145149873729,0.5939157111372049,0.7846263051170703,0.5647145149873729,0.5384615384615384,0.5398230088495575,0.6242764992128775,0.06809815950920245,0.054285714285714284,0.20544290288153683,0.21890547263681592,0.8246348687570217,0.8274547187797903,0.9115925570018345,0.8988993069710558,0.8855762432241339,0.8751718449271377,,,,,,
7,8,"7,8,2,5,1,3,6,4",4,33,74061,15871,115,underfit,64.11525416374207,0.7080109639351345,0.7067907152392005,0.43612344297677674,0.46600261125135556,0.6604252679619294,0.43612344297677674,0.18032786885245902,0.497164461247637,0.7345892868731742,0.6957973662655157,0.6631179156950076,0.4119866732351966,0.4316996713203345,0.6454662657911958,0.4119866732351966,0.07692307692307693,0.46017699115044247,0.7724184283281227,0.03987730061349693,0.011428571428571429,0.14140875133404482,0.16666666666666666,0.7582473700337045,0.7597712106768351,0.10273434087533852,0.07664084794129637,0.8582960169691256,0.8435523783337916,0.9109314338884076,0.9007336427608923,,,,
7,8,"7,8,2,5,1,3,6,4",4,34,74061,15871,18,underfit,16.522470712661743,0.708686083093666,0.6999802948535354,0.4388527033841285,0.4686270160545323,0.6619379671019583,0.4388527033841285,0.18032786885245902,0.4886578449905482,0.7326921444515063,0.6956713502614832,0.6823386194663359,0.4153447032326425,0.43538777597852163,0.6462693514979141,0.4153447032326425,0.07692307692307693,0.4646017699115044,0.7707655075051429,0.04233128834355828,0.014285714285714285,0.15581643543223053,0.1791044776119403,0.7677458890818099,0.7631077216396568,0.10718965667860575,0.08030982470444353,0.865425406551968,0.852075886719824,0.9033272371418487,0.8923491540649798,,,,
7,8,"7,8,2,5,1,3,6,4",4,35,74061,15871,34,underfit,22.42716407775879,0.7098877951958521,0.6925385386292453,0.4440153436758689,0.47304146069723824,0.6661583606203512,0.4440153436758689,0.1885245901639344,0.5207939508506616,0.7280880969445146,0.696364438283662,0.6664615976314046,0.41983599661880694,0.438425410064877,0.6491290648533282,0.41983599661880694,0.07692307692307693,0.504424778761062,0.7687947648428284,0.04171779141104295,0.02,0.14300960512273211,0.16169154228855723,0.7752017158615054,0.7707340324118208,0.12352581462391893,0.08846310640032613,0.857530049493283,0.8441022821006324,0.9018192318798729,0.8923491540649798,,,,
7,8,"7,8,2,5,1,3,6,4",4,36,74061,15871,13,underfit,10.878416299819946,0.7111030096812088,0.6856215175277195,0.45844783878661355,0.4942569374205177,0.6890214858383423,0.45844783878661355,0.1885245901639344,0.5311909262759924,0.7270810363877337,0.6906307101001827,0.6636212392249521,0.42841952295174685,0.454320198525143,0.6659013864985259,0.42841952295174685,0.07692307692307693,0.504424778761062,0.7690864142266843,0.053987730061349694,0.025714285714285714,0.1456776947705443,0.16417910447761194,0.7685629659891737,0.7683508102955195,0.2764042980693632,0.2132083163473298,0.8492222484091445,0.8380533406653835,0.8540122565534058,0.836502470429705,,,,
7,8,"7,8,2,5,1,3,6,4",4,37,74061,15871,10,underfit,8.672256231307983,0.7116836121575458,0.6991566609633928,0.44937204579929296,0.4808596647391945,0.670706717360933,0.44937204579929296,0.19672131147540983,0.5198487712665406,0.7259350659946702,0.6957973662655157,0.7004799706894966,0.42207340238928653,0.44299919047627123,0.6510699169059523,0.42207340238928653,0.07692307692307693,0.49557522123893805,0.7675834588176489,0.046012269938650305,0.02,0.1616862326574173,0.18159203980099503,0.7689715044428557,0.7683508102955195,0.13977461343583472,0.09987770077456176,0.8656610888522271,0.8518009348364036,0.8963005743254083,0.8824674352447971,,,,
7,8,"7,8,2,5,1,3,6,4",4,38,74061,15871,13,underfit,12.52428650856018,0.711859143138764,0.7080826947836112,0.4450642286865977,0.47590918810368543,0.6660405674122644,0.4450642286865977,0.19672131147540983,0.5236294896030246,0.7247971764111235,0.7008380064268162,0.6872315445510104,0.4214949565728609,0.44256114071079317,0.6528145468840659,0.4214949565728609,0.07692307692307693,0.49557522123893805,0.7676027589225565,0.046012269938650305,0.022857142857142857,0.1526147278548559,0.1791044776119403,0.7671330814012869,0.7673975214489991,0.10736437494540055,0.08397880146759071,0.8475724723073297,0.8380533406653835,0.9194661019668239,0.9080700703698158,,,,
7,8,"7,8,2,5,1,3,6,4",4,39,74061,15871,9,stagnated,8.948470830917358,0.7125207599141249,0.7008597706974685,0.45334473469396347,0.4873440997317874,0.6808230524732869,0.45334473469396347,0.19672131147540983,0.5236294896030246,0.7241292422154284,0.6947892382332557,0.6719138475460349,0.4246819209578076,0.4480500998000873,0.6594820353361843,0.4246819209578076,0.07692307692307693,0.5,0.7668953751332442,0.049079754601226995,0.022857142857142857,0.14994663820704376,0.17164179104477612,0.7722398120723113,0.7707340324118208,0.19882938761247487,0.14512841418671016,0.8539358944143295,0.8416277151498488,0.882375589565887,0.8685431950890852,,,,
8,9,"7,8,2,5,1,3,6,4,9",9,36,115271,24701,57,underfit,53.97925353050232,0.804356689887309,0.728499183227198,0.5068818963515542,0.5393077548099702,0.7866861779541291,0.5068818963515542,0.19672131147540983,0.5103969754253308,0.5090562929057107,0.791465932553338,0.7283278063399837,0.481749863668084,0.5048934515850276,0.7722379766988864,0.481749863668084,0.07692307692307693,0.4911504424778761,0.5423733301357887,0.046625766871165646,0.02,0.13874066168623267,0.16169154228855723,0.7502808701869064,0.7511916110581506,0.21551498209137765,0.16143497757847533,0.8469243459816168,0.8372284850151224,0.8845894696313409,0.8670459649648151,0.9721426838146081,0.9690826727066818,,
8,9,"7,8,2,5,1,3,6,4,9",9,37,115271,24701,6,underfit,12.335683584213257,0.8042786130076082,0.7153464625420489,0.505873292971081,0.5337730891815704,0.780750308201795,0.505873292971081,0.1885245901639344,0.5283553875236295,0.5077512574067005,0.7930853001902757,0.6852553109933179,0.48324662948787483,0.5018327995695216,0.7680279723542005,0.48324662948787483,0.07692307692307693,0.5132743362831859,0.5418967461857225,0.051533742331288344,0.02,0.15048025613660618,0.17412935323383086,0.7635583699315698,0.7626310772163966,0.14746221717480562,0.10925397472482674,0.8476903134574594,0.8364036293648611,0.9029422145217698,0.8874082946548885,0.9723125454986654,0.9691959229898075,,
8,9,"7,8,2,5,1,3,6,4,9",9,38,115271,24701,19,underfit,22.04163694381714,0.8034024169131871,0.7265065308453027,0.5097201976505518,0.5362664032060951,0.7827420343972322,0.5097201976505518,0.19672131147540983,0.5340264650283554,0.5057490448342453,0.7917088376988786,0.703808517749636,0.4844345253562968,0.501863792500742,0.7693750768818942,0.4844345253562968,0.07692307692307693,0.504424778761062,0.5410956713160177,0.041104294478527606,0.017142857142857144,0.14354322305229456,0.16169154228855723,0.7949136962516596,0.797902764537655,0.18013453306543198,0.13534447615165104,0.8444496818288947,0.8325543029969755,0.8800333686270735,0.8640515047162749,0.9725552050473186,0.9698754246885617,,
8,9,"7,8,2,5,1,3,6,4,9",9,39,115271,24701,5,underfit,10.925246477127075,0.805458441411977,0.7082660700829115,0.5079603887974485,0.536365700421469,0.7840338869865936,0.5079603887974485,0.19672131147540983,0.5349716446124764,0.5051682149997,0.7923970689445772,0.6747252239847179,0.4802777506701039,0.49882274607660076,0.7694387422164042,0.4802777506701039,0.07692307692307693,0.504424778761062,0.5411536972545226,0.04539877300613497,0.008571428571428572,0.14034151547491996,0.15671641791044777,0.7613114084363191,0.7616777883698761,0.17253428845985846,0.1304525071341215,0.8501649776101815,0.8347539180643387,0.8971347900022459,0.8784249139092678,0.9730647900994904,0.970554926387316,,
8,9,"7,8,2,5,1,3,6,4,9",9,40,115271,24701,16,underfit,21.468349933624268,0.8053630141145648,0.742503951769029,0.5032901222094464,0.5359433196842573,0.7829081964876553,0.5032901222094464,0.19672131147540983,0.4867674858223062,0.504460061332068,0.7944212784907494,0.7273279111113121,0.47967872933933375,0.5021683961672967,0.7703347721221196,0.47967872933933375,0.07692307692307693,0.4690265486725664,0.5405465439839728,0.04969325153374233,0.022857142857142857,0.14674493062966915,0.16666666666666666,0.7626391584107854,0.7640610104861774,0.16187647418537607,0.12270688952303302,0.8515201508366722,0.8383282925488039,0.9006320788012963,0.8862105105554724,0.9730162581897598,0.9703284258210646,,
8,9,"7,8,2,5,1,3,6,4,9",9,41,115271,24701,1,underfit,8.298141241073608,0.8048945528363596,0.727616297240935,0.4992874681511721,0.5316352438333564,0.7801452144451553,0.4992874681511721,0.1885245901639344,0.4621928166351607,0.5036848004523403,0.7953119306910651,0.7005024823661754,0.47702903561555066,0.4993751814777204,0.769098224723685,0.47702903561555066,0.07692307692307693,0.43805309734513276,0.5407083471228413,0.05337423312883435,0.022857142857142857,0.15741728922091783,0.1791044776119403,0.7515064855479522,0.7550047664442326,0.14073556390320607,0.11129229514879739,0.8623026160735329,0.847951608468518,0.9051240093688837,0.8921994310525527,0.9724096093181267,0.9698754246885617,,
8,9,"7,8,2,5,1,3,6,4,9",9,42,115271,24701,6,stagnated,11.222885608673096,0.8054757918296883,0.7305642639099973,0.5043497962215359,0.5342512718123174,0.779731081337793,0.5043497962215359,0.1885245901639344,0.5122873345935728,0.5031240019512974,0.7955953200275292,0.711989679737384,0.48114509220585,0.5017159097676926,0.7682904559567109,0.48114509220585,0.07692307692307693,0.4778761061946903,0.539738855843679,0.05337423312883435,0.025714285714285714,0.15474919957310565,0.1791044776119403,0.7684608313757533,0.7669208770257387,0.12859264436096793,0.09783938035059112,0.8485152015083667,0.8372284850151224,0.9117977347835852,0.8989369666117683,0.9728463965057025,0.969762174405436,,
9,10,"7,8,2,5,1,3,6,4,9,0",0,38,180371,38651,59,underfit,87.9599437713623,0.8148261084098886,0.7111518993652451,0.49005503309718906,0.5111005204332748,0.7928926530764179,0.49005503309718906,0.16393442622950818,0.46313799621928164,0.4567851239812969,0.8081291557786344,0.653797498118472,0.4683298334564836,0.4819458993181479,0.7847313915606168,0.4683298334564836,0.07692307692307693,0.42035398230088494,0.4794564353630449,0.03496932515337423,0.014285714285714285,0.04055496264674493,0.03731343283582089,0.7549790624042488,0.7578646329837941,0.10972307154713025,0.08397880146759071,0.5306386990337025,0.503436898542755,0.8997016074694388,0.8874082946548885,0.9730647900994904,0.969762174405436,0.9298463901689709,0.9319713261648745
9,10,"7,8,2,5,1,3,6,4,9,0",0,39,180371,38651,16,underfit,30.094356536865234,0.8155357568567009,0.7279006016774348,0.5025095509622001,0.5222883477284789,0.798199050218467,0.5025095509622001,0.1721311475409836,0.5217391304347826,0.45419099600441687,0.8067579105327158,0.6591891471625373,0.47785017634458027,0.49158930271346524,0.7877551777079957,0.47785017634458027,0.07692307692307693,0.4778761061946903,0.4776067203674855,0.04539877300613497,0.02,0.03468516542155817,0.04477611940298507,0.7644775814523542,0.7650142993326978,0.18327946186773827,0.13860578883000407,0.5274569879802027,0.4971130052240858,0.8709532518368788,0.8529720017966761,0.9755884494054841,0.9728199320498301,0.9293855606758833,0.9324014336917563
9,10,"7,8,2,5,1,3,6,4,9,0",0,40,180371,38651,10,underfit,24.18142080307007,0.8161178903482267,0.7095820056573806,0.5005464417301354,0.5148611809936131,0.794300828931402,0.5005464417301354,0.1721311475409836,0.5378071833648393,0.452806340726031,0.8087242244702595,0.644945109827285,0.4788310572616716,0.4874585133724582,0.7855402999864564,0.4788310572616716,0.07692307692307693,0.504424778761062,0.4770884744772667,0.04049079754601227,0.011428571428571429,0.0368196371398079,0.0472636815920398,0.7697885813502195,0.7697807435653002,0.10657814274482397,0.08275580921320831,0.5414211642705633,0.5114105031619467,0.8981615169891232,0.8833657733193592,0.9752001941276389,0.9721404303510759,0.9270660522273425,0.9288172043010753
9,10,"7,8,2,5,1,3,6,4,9,0",0,41,180371,38651,1,underfit,13.068848609924316,0.816611317783901,0.6939377737117144,0.49881454466088615,0.5150570384751771,0.7941307973040839,0.49881454466088615,0.1721311475409836,0.5349716446124764,0.45238731424848067,0.809629763783602,0.6407641131635706,0.4774415095349995,0.4880462395742068,0.7855314594150393,0.4774415095349995,0.07692307692307693,0.504424778761062,0.4766241495323867,0.046625766871165646,0.014285714285714285,0.03735325506937033,0.05223880597014925,0.7673373506281279,0.7688274547187798,0.11339215514982091,0.08683245006114962,0.5093094508602404,0.4786912290349189,0.8941829499149742,0.8788740829465489,0.9748847367143897,0.9720271800679502,0.9379569892473119,0.9412903225806452
9,10,"7,8,2,5,1,3,6,4,9,0",0,42,180371,38651,4,underfit,14.704645872116089,0.8165614206274845,0.6889455563322436,0.4945027059835124,0.5144481700391065,0.7929983998240513,0.4945027059835124,0.18032786885245902,0.497164461247637,0.45244480256156056,0.8097332539908411,0.6248610284288646,0.4693539697019534,0.48195753865158714,0.7846235353626287,0.4693539697019534,0.07692307692307693,0.43805309734513276,0.47654760615618574,0.043558282208588955,0.005714285714285714,0.040021344717182494,0.05472636815920398,0.753344908589521,0.7550047664442326,0.09705599720450774,0.07501019160211986,0.5202686778222956,0.48803959307121253,0.9009529309846953,0.8875580176673155,0.9752972579471002,0.9723669309173273,0.9370353302611367,0.9401433691756272
9,10,"7,8,2,5,1,3,6,4,9,0",0,43,180371,38651,8,underfit,20.721526861190796,0.8173819516441113,0.7193271192315374,0.4993664955450183,0.5220499970748381,0.7994170245146386,0.4993664955450183,0.1721311475409836,0.5085066162570888,0.45189029986618023,0.8083878812967323,0.6705247244698755,0.47453687420325397,0.49118798575836786,0.7888783520107174,0.47453687420325397,0.07692307692307693,0.46017699115044247,0.4765397478656927,0.03558282208588957,0.014285714285714285,0.03735325506937033,0.04477611940298507,0.7530385047492595,0.7545281220209723,0.185201362802481,0.14268242967794537,0.5165566815932123,0.4877646411877921,0.8709532518368788,0.8493786494984279,0.9746178112108711,0.9719139297848245,0.9397235023041475,0.9429390681003584
9,10,"7,8,2,5,1,3,6,4,9,0",0,44,180371,38651,3,stagnated,15.672964096069336,0.8161622433761525,0.701570394007254,0.49919039728328335,0.5161694326927543,0.7964181030584884,0.49919039728328335,0.1721311475409836,0.5,0.4519792119858478,0.8091123127474062,0.6254941113315923,0.4768533348760295,0.48700249226576153,0.7879398324830017,0.4768533348760295,0.07692307692307693,0.4646017699115044,0.4761980084894126,0.041104294478527606,0.011428571428571429,0.03628601921024546,0.04477611940298507,0.775099581248085,0.7726406101048617,0.13077662269590284,0.10069302894415003,0.5434833843978317,0.5199340115479791,0.8935412455481759,0.8781254678844138,0.9748119388497938,0.9720271800679502,0.9246697388632873,0.9273835125448029
