epoch,train_loss,validation_loss,validation_macro_recall,validation_macro_f1
1,0.4640825754682017,0.4944097109374348,0.5630201311405177,0.5944831059350737
2,0.46312860757163976,0.49543067832134524,0.5348782448562416,0.5737939859508783
3,0.463278799404958,0.4960467480867621,0.5466195058264113,0.5850926936253036
4,0.46248846084548606,0.4950885642428002,0.53283052434057,0.5806676589823518
5,0.4627403068624836,0.4937755759879899,0.5546819637775421,0.5967129402225105
6,0.4621168830604751,0.4940816322924013,0.551246743892111,0.597467040259692
7,0.46218304765450935,0.49329131553435923,0.5680911539940142,0.6048327945046266
8,0.46237069447011736,0.49335209968626537,0.5604549678374859,0.6021952525657045
9,0.46243897723410415,0.49402434611843143,0.5445556569808684,0.581304919500613
10,0.4617037394297967,0.4929508350880818,0.5543409832572123,0.596585966563757
11,0.46292622602871253,0.4937569324544443,0.5737482918314175,0.6037624243005383
12,0.4619495693060195,0.493788015796322,0.5454104023501137,0.5891989635599743
13,0.4619681078473521,0.493716348224421,0.5603629309235008,0.6043606848523441
14,0.46161245791199707,0.49349069383972927,0.5589706691973062,0.6002865856888807
15,0.4612465187716772,0.49372543047736495,0.5547121982159264,0.5910774876981498
16,0.46182817007181765,0.49547824319295924,0.5232777208604755,0.5653148351746038
17,0.4613526059761772,0.4945586924780422,0.5617403012689745,0.5825286168485686
18,0.46113194941650815,0.49439472498085174,0.5825622531399336,0.5978200389057026
